"id","relocate_id","pit_tag_ref","sex","weight","length","bd_exposure","collect_stage","bd_treatment","swab_id","comment","tag_new","surveyor_id"
"4b9e6286-b902-49ef-bdc3-47135ab00863","ae09b85a-4f59-4ddc-b658-9a696c15db4f","982091062745684","m",NA,NA,"unexposed","tadpole","",NA,"","FALSE",NA
"fecb7123-c362-41d3-bbf9-3bc2006c5deb","ae09b85a-4f59-4ddc-b658-9a696c15db4f","982091062745651","f",NA,NA,"unexposed","tadpole","",NA,"","FALSE",NA
"8e6fbb15-9c31-4c88-821d-f64af3592586","ae09b85a-4f59-4ddc-b658-9a696c15db4f","982091062745813","m",NA,NA,"unexposed","tadpole","",NA,"","FALSE",NA
"46d26ffe-ed63-406c-b399-681a37d2db69","ae09b85a-4f59-4ddc-b658-9a696c15db4f","982091062745793","f",NA,NA,"unexposed","tadpole","",NA,"","FALSE",NA
"783f534c-c162-4a78-9fc6-7bdfc89afe72","ae09b85a-4f59-4ddc-b658-9a696c15db4f","982091062745754","f",NA,NA,"unexposed","tadpole","",NA,"","FALSE",NA
"5c514779-f72e-4343-9a64-e43a282622fb","ae09b85a-4f59-4ddc-b658-9a696c15db4f","982091062745724","f",NA,NA,"unexposed","tadpole","",NA,"","FALSE",NA
"e95ebe68-6d19-449d-875e-89af23e3a820","ae09b85a-4f59-4ddc-b658-9a696c15db4f","982091062745669","m",NA,NA,"unexposed","tadpole","",NA,"","FALSE",NA
"eb8b5d79-79c9-4458-8391-b7c4fe55101d","ae09b85a-4f59-4ddc-b658-9a696c15db4f","982091062745756","m",NA,NA,"unexposed","tadpole","",NA,"","FALSE",NA
"4ff439c6-9f2f-41e5-b6b7-2c8e1894abe5","ae09b85a-4f59-4ddc-b658-9a696c15db4f","982091062745766","m",NA,NA,"unexposed","tadpole","",NA,"","FALSE",NA
"2152aa00-258d-43c3-a972-174c41beabdc","ae09b85a-4f59-4ddc-b658-9a696c15db4f","982091062746039","m",NA,NA,"unexposed","tadpole","",NA,"","FALSE",NA
"db6831cc-1537-45b9-812a-40b5be1ce933","ae09b85a-4f59-4ddc-b658-9a696c15db4f","982091062745814","f",NA,NA,"unexposed","tadpole","",NA,"dark morph with black eyes and translucent belly","FALSE",NA
"f1333101-8b85-47d6-b755-8d14da04e14e","ae09b85a-4f59-4ddc-b658-9a696c15db4f","982091062745961","m",NA,NA,"unexposed","tadpole","",NA,"","FALSE",NA
"37e2a023-65e8-4a4b-a033-fbb0a4d8c72d","ae09b85a-4f59-4ddc-b658-9a696c15db4f","982091062745775","f",NA,NA,"unexposed","tadpole","",NA,"","FALSE",NA
"e7dbd9a9-2dbf-4498-b65c-d8e70449ca9e","ae09b85a-4f59-4ddc-b658-9a696c15db4f","982091062745763","m",NA,NA,"unexposed","tadpole","",NA,"","FALSE",NA
"92fa14a3-5bb8-45e4-b151-c452aeb26ccd","ae09b85a-4f59-4ddc-b658-9a696c15db4f","982091062745832","m",NA,NA,"unexposed","tadpole","",NA,"","FALSE",NA
"1038c2c2-1be8-46fa-87d7-c533c45dce7e","ae09b85a-4f59-4ddc-b658-9a696c15db4f","982091062745781","f",NA,NA,"unexposed","tadpole","",NA,"","FALSE",NA
"77ecbe30-751e-42d9-93ed-179f96f3ad1e","ae09b85a-4f59-4ddc-b658-9a696c15db4f","982091062745784","f",NA,NA,"unexposed","tadpole","",NA,"","FALSE",NA
"96dc3c66-10dc-4a58-8c95-7655078f1e6a","ae09b85a-4f59-4ddc-b658-9a696c15db4f","982091062745773","f",NA,NA,"unexposed","tadpole","",NA,"","FALSE",NA
"02ca209c-746a-4162-9724-c1c3c7291c41","ae09b85a-4f59-4ddc-b658-9a696c15db4f","982091062745827","m",NA,NA,"unexposed","tadpole","",NA,"","FALSE",NA
"a81e38e4-7edf-44a5-b1e4-5d8e6b9eb64f","ae09b85a-4f59-4ddc-b658-9a696c15db4f","982091062745696","f",NA,NA,"unexposed","tadpole","",NA,"","FALSE",NA
"af11e669-234c-42bc-8d9d-a0eb4cc8cad0","ae09b85a-4f59-4ddc-b658-9a696c15db4f","982091062745745","m",NA,NA,"unexposed","tadpole","",NA,"","FALSE",NA
"14e84eb6-3d74-43f9-82c3-fc5a0a9f463a","ae09b85a-4f59-4ddc-b658-9a696c15db4f","982091062745738","m",NA,NA,"unexposed","tadpole","",NA,"","FALSE",NA
"a3eb9d2c-09c8-4984-8728-418df103a29c","ae09b85a-4f59-4ddc-b658-9a696c15db4f","982091062746015","f",NA,NA,"unexposed","tadpole","",NA,"i did not actually read pit tag for this frog","FALSE",NA
"3cbfdf3c-6a6c-410c-99fc-dc75251ebfdb","ae09b85a-4f59-4ddc-b658-9a696c15db4f","982091062745711","m",NA,NA,"unexposed","tadpole","",NA,"","FALSE",NA
"9a96fcd6-0d07-4159-b68e-11f5ecf77117","ae09b85a-4f59-4ddc-b658-9a696c15db4f","982091062745730","m",NA,NA,"unexposed","tadpole","",NA,"","FALSE",NA
"3bc3f2a2-98e0-4cd5-b632-a2c0fc69f934","ae09b85a-4f59-4ddc-b658-9a696c15db4f","982091062745691","m",NA,NA,"unexposed","tadpole","",NA,"","FALSE",NA
"cfd8d4f6-6754-4436-90ed-0c3f6f9f7987","ae09b85a-4f59-4ddc-b658-9a696c15db4f","982091062745816","f",NA,NA,"unexposed","tadpole","",NA,"","FALSE",NA
"0be81e67-5f09-4f3f-863f-17c1b4cf8dff","ae09b85a-4f59-4ddc-b658-9a696c15db4f","982091062745705","m",NA,NA,"unexposed","tadpole","",NA,"","FALSE",NA
"6632b138-b117-4f9a-b6d2-c4665cb77d76","ae09b85a-4f59-4ddc-b658-9a696c15db4f","982091062745672","f",NA,NA,"unexposed","tadpole","",NA,"","FALSE",NA
"463e63df-2adf-4f71-a9f9-611c21b50997","ae09b85a-4f59-4ddc-b658-9a696c15db4f","982091062745841","m",NA,NA,"unexposed","tadpole","",NA,"","FALSE",NA
"acccb073-5729-4464-9ed1-6b1e5605987c","ae09b85a-4f59-4ddc-b658-9a696c15db4f","982091062745830","f",NA,NA,"unexposed","tadpole","",NA,"","FALSE",NA
"1b167623-eeda-4369-a871-102775607074","ae09b85a-4f59-4ddc-b658-9a696c15db4f","982091062745725","f",NA,NA,"unexposed","tadpole","",NA,"","FALSE",NA
"dc29cc82-250f-4cdf-b62a-e9d720b8a0ee","ae09b85a-4f59-4ddc-b658-9a696c15db4f","982091062745825","f",NA,NA,"unexposed","tadpole","",NA,"","FALSE",NA
"d61874e8-c4a7-42e6-92e1-7bf761a16d9f","ae09b85a-4f59-4ddc-b658-9a696c15db4f","982091062745835","m",NA,NA,"unexposed","tadpole","",NA,"","FALSE",NA
"0d5400f6-1e15-4416-a5b2-aa6d707e2245","ae09b85a-4f59-4ddc-b658-9a696c15db4f","982091062745794","f",NA,NA,"unexposed","tadpole","",NA,"","FALSE",NA
"3620071f-eb12-41fa-87ef-2cfdd70904bc","ae09b85a-4f59-4ddc-b658-9a696c15db4f","982091062745734","f",NA,NA,"unexposed","tadpole","",NA,"","FALSE",NA
"4d6aceff-5f98-43a5-8642-5b587d87524a","ae09b85a-4f59-4ddc-b658-9a696c15db4f","982091062745645","m",NA,NA,"unexposed","tadpole","",NA,"","FALSE",NA
"b16ea11f-d6a3-495b-abde-8e5d1338793e","ae09b85a-4f59-4ddc-b658-9a696c15db4f","982091062745833","f",NA,NA,"unexposed","tadpole","",NA,"","FALSE",NA
"dba3ff1d-6004-405f-900b-cccb0deca378","ae09b85a-4f59-4ddc-b658-9a696c15db4f","982091062745712","f",NA,NA,"unexposed","tadpole","",NA,"","FALSE",NA
"0ccc2520-af8d-40ad-b62b-11ab1316dfab","ae09b85a-4f59-4ddc-b658-9a696c15db4f","982091062745673","m",NA,NA,"unexposed","tadpole","",NA,"","FALSE",NA
"42931ec0-ccf9-4463-954e-8491e2dcffd6","ae09b85a-4f59-4ddc-b658-9a696c15db4f","982091062745732","f",NA,NA,"unexposed","tadpole","",NA,"","FALSE",NA
"e2b7f5f8-1da8-4b20-a4b2-a201c8f14d0b","ae09b85a-4f59-4ddc-b658-9a696c15db4f","982091062745667","m",NA,NA,"unexposed","tadpole","",NA,"","FALSE",NA
"23631232-7300-4744-933b-5d5db8031d8e","ae09b85a-4f59-4ddc-b658-9a696c15db4f","982091062745709","m",NA,NA,"unexposed","tadpole","",NA,"","FALSE",NA
"9a41c9b3-311f-43a3-a3b9-53cfa65c5249","ae09b85a-4f59-4ddc-b658-9a696c15db4f","982091062745642","f",NA,NA,"unexposed","tadpole","",NA,"","FALSE",NA
"24fdc1e9-d998-4c67-aab0-652be28957ab","ae09b85a-4f59-4ddc-b658-9a696c15db4f","982091062745649","f",NA,NA,"unexposed","tadpole","",NA,"","FALSE",NA
"1f47f623-b0b8-4789-886c-c2cf8b0e7d46","ae09b85a-4f59-4ddc-b658-9a696c15db4f","982091062745692","m",NA,NA,"unexposed","tadpole","",NA,"dark morph","FALSE",NA
"056fb39d-fe35-494b-b812-c9dfab746f66","ae09b85a-4f59-4ddc-b658-9a696c15db4f","982091062745648","m",NA,NA,"unexposed","tadpole","",NA,"","FALSE",NA
"058092c6-96e0-423c-b8be-d9495c5ff460","ae09b85a-4f59-4ddc-b658-9a696c15db4f","982091062745662","f",NA,NA,"unexposed","tadpole","",NA,"","FALSE",NA
"35e2593f-d1bf-4bc2-8232-d536f1c8c5cc","ae09b85a-4f59-4ddc-b658-9a696c15db4f","982091062745733","f",NA,NA,"unexposed","tadpole","",NA,"","FALSE",NA
"bd1281bf-a37a-44ae-9d71-10e202449f40","ae09b85a-4f59-4ddc-b658-9a696c15db4f","982091062745644","m",NA,NA,"unexposed","tadpole","",NA,"","FALSE",NA
"aaa99e84-40ef-4bb5-985b-e989ba1c0513","ae09b85a-4f59-4ddc-b658-9a696c15db4f","982091062745820","m",NA,NA,"unexposed","tadpole","",NA,"","FALSE",NA
"5fe7c6da-4bad-4227-af0c-03182c58db6e","ae09b85a-4f59-4ddc-b658-9a696c15db4f","982091062745704","m",NA,NA,"unexposed","tadpole","",NA,"","FALSE",NA
"d9c63b10-241a-494f-aa23-d9802d4ff344","ae09b85a-4f59-4ddc-b658-9a696c15db4f","982091062745740","m",NA,NA,"unexposed","tadpole","",NA,"","FALSE",NA
"9f8d29d7-d9f1-453f-9677-c9c685feaca5","ae09b85a-4f59-4ddc-b658-9a696c15db4f","982091062745686","f",NA,NA,"unexposed","tadpole","",NA,"","FALSE",NA
"2d3af0f3-5443-49de-95eb-353f0218ce63","ae09b85a-4f59-4ddc-b658-9a696c15db4f","982091062745736","f",NA,NA,"unexposed","tadpole","",NA,"","FALSE",NA
"ee8d9c3a-36a8-4f9f-974d-321f706a80cb","ae09b85a-4f59-4ddc-b658-9a696c15db4f","982091062745771","m",NA,NA,"unexposed","tadpole","",NA,"","FALSE",NA
"fa32906b-fec2-46f9-93ac-b7b5a73f5303","ae09b85a-4f59-4ddc-b658-9a696c15db4f","982091062745806","m",NA,NA,"unexposed","tadpole","",NA,"","FALSE",NA
"a33bdcc5-4a37-4a7a-875b-b39c3af1500e","ae09b85a-4f59-4ddc-b658-9a696c15db4f","982091062745815","m",NA,NA,"unexposed","tadpole","",NA,"","FALSE",NA
"0c630ac8-3a44-4307-93dd-ee6bf4634e50","ae09b85a-4f59-4ddc-b658-9a696c15db4f","982091062745823","f",NA,NA,"unexposed","tadpole","",NA,"","FALSE",NA
"2682ae9f-726f-4753-9a5d-5f466d911437","ae09b85a-4f59-4ddc-b658-9a696c15db4f","982091062745719","f",NA,NA,"unexposed","tadpole","",NA,"","FALSE",NA
"a940f476-dae4-4eba-8930-e426354ef47b","ae09b85a-4f59-4ddc-b658-9a696c15db4f","982091062745682","f",NA,NA,"unexposed","tadpole","",NA,"","FALSE",NA
"15b707d3-31dc-432c-ac70-6e6c1e2d7e27","ae09b85a-4f59-4ddc-b658-9a696c15db4f","982091062745728","m",NA,NA,"unexposed","tadpole","",NA,"","FALSE",NA
"8df95397-ed08-4b28-a9fa-b8157912dceb","ae09b85a-4f59-4ddc-b658-9a696c15db4f","982091062745688","f",NA,NA,"unexposed","tadpole","",NA,"","FALSE",NA
"ad077924-98d0-4a56-8594-311b777a796e","ae09b85a-4f59-4ddc-b658-9a696c15db4f","982091062745809","m",NA,NA,"unexposed","tadpole","",NA,"","FALSE",NA
"a5b8827b-5426-4f6b-95cd-721b14a56440","ae09b85a-4f59-4ddc-b658-9a696c15db4f","982091062745668","f",NA,NA,"unexposed","tadpole","",NA,"","FALSE",NA
"96a103fc-2348-47e1-a50c-6ba89d00dbfe","ae09b85a-4f59-4ddc-b658-9a696c15db4f","982091062745812","f",NA,NA,"unexposed","tadpole","",NA,"","FALSE",NA
"e73f3135-7d18-45a3-be3e-81dc8ddcbd6f","ae09b85a-4f59-4ddc-b658-9a696c15db4f","982091062745720","f",NA,NA,"unexposed","tadpole","",NA,"","FALSE",NA
"d8f008d9-b127-419e-a78b-be65c8efb7f4","ae09b85a-4f59-4ddc-b658-9a696c15db4f","982091062745804","m",NA,NA,"unexposed","tadpole","",NA,"","FALSE",NA
"d730520e-0fdc-48fc-8e71-ea4c0afc13e4","ae09b85a-4f59-4ddc-b658-9a696c15db4f","982091062745829","m",NA,NA,"unexposed","tadpole","",NA,"","FALSE",NA
"6c5924fc-eea5-4cdd-bad4-4d4a2945e563","ae09b85a-4f59-4ddc-b658-9a696c15db4f","982091062745787","m",NA,NA,"unexposed","tadpole","",NA,"dark morph","FALSE",NA
"98b04561-0890-4f99-9197-d272410e639c","ae09b85a-4f59-4ddc-b658-9a696c15db4f","982091062745987","m",NA,NA,"unexposed","tadpole","",NA,"","FALSE",NA
"bd09ca39-a2d1-4d83-bf08-dc3696c74c3f","ae09b85a-4f59-4ddc-b658-9a696c15db4f","982091062745831","f",NA,NA,"unexposed","tadpole","",NA,"","FALSE",NA
"4c94cd14-4cf3-4784-891c-f58c6b2196fe","ae09b85a-4f59-4ddc-b658-9a696c15db4f","982091062745808","m",NA,NA,"unexposed","tadpole","",NA,"","FALSE",NA
"a70fd588-5569-4c9a-b1fc-59bb9e7519d6","ae09b85a-4f59-4ddc-b658-9a696c15db4f","982091062745652","f",NA,NA,"unexposed","tadpole","",NA,"","FALSE",NA
"8aa3fa42-7d33-488c-8419-91847bbdacdd","ae09b85a-4f59-4ddc-b658-9a696c15db4f","982091062745731","f",NA,NA,"unexposed","tadpole","",NA,"","FALSE",NA
"2c1a0dd5-74df-4090-b4b8-efbe87f248cc","ae09b85a-4f59-4ddc-b658-9a696c15db4f","982091062745805","f",NA,NA,"unexposed","tadpole","",NA,"","FALSE",NA
"c19bc51b-74dc-4cba-a9f9-f01abc8aaa00","ae09b85a-4f59-4ddc-b658-9a696c15db4f","982091062745779","f",NA,NA,"unexposed","tadpole","",NA,"","FALSE",NA
"e447c522-550b-4a8b-8b66-63b1c1a07557","ae09b85a-4f59-4ddc-b658-9a696c15db4f","982091062745718","f",NA,NA,"unexposed","tadpole","",NA,"","FALSE",NA
"9f6d86a7-2854-4827-bec1-a0c9a6726614","153d20fb-9c5a-4277-ab4e-f4c2fdf42b1a","900043000200682","m",NA,NA,"unexposed","egg","",NA,"","FALSE",NA
"d19d7d75-c97a-4c51-83a2-d7fef1ceac77","153d20fb-9c5a-4277-ab4e-f4c2fdf42b1a","900043000164887","f",NA,NA,"unexposed","egg","",NA,"","FALSE",NA
"40f96fad-1d96-4a8e-8348-2ea9be15690e","153d20fb-9c5a-4277-ab4e-f4c2fdf42b1a","900043000200706","m",NA,NA,"unexposed","egg","",NA,"","FALSE",NA
"f2c64925-5343-4c62-835f-a98f5243ce7a","153d20fb-9c5a-4277-ab4e-f4c2fdf42b1a","900043000200980","m",NA,NA,"unexposed","egg","",NA,"","FALSE",NA
"7ad12cb7-8729-407c-ab49-ae144201b9a0","153d20fb-9c5a-4277-ab4e-f4c2fdf42b1a","900043000200791","f",NA,NA,"unexposed","egg","",NA,"","FALSE",NA
"9f8613bb-c8e6-494c-a0fd-1e48f807934e","153d20fb-9c5a-4277-ab4e-f4c2fdf42b1a","900043000200734","m",NA,NA,"unexposed","egg","",NA,"","FALSE",NA
"dc368c04-eef5-4b2b-8b35-1b95cacd6dc8","153d20fb-9c5a-4277-ab4e-f4c2fdf42b1a","900043000200757","m",NA,NA,"unexposed","egg","",NA,"","FALSE",NA
"8dbb8d1f-8703-49c6-a581-7a791580c468","153d20fb-9c5a-4277-ab4e-f4c2fdf42b1a","900043000200896","m",NA,NA,"unexposed","egg","",NA,"","FALSE",NA
"6a655d3d-15e2-4e42-8c22-934680ddac77","153d20fb-9c5a-4277-ab4e-f4c2fdf42b1a","900043000200739","f",NA,NA,"unexposed","egg","",NA,"","FALSE",NA
"50f5021c-688a-4b56-a4e8-c2c020dbac85","153d20fb-9c5a-4277-ab4e-f4c2fdf42b1a","900043000200659","f",NA,NA,"unexposed","egg","",NA,"","FALSE",NA
"1421cfd9-8d1f-4af1-a164-8328c385a32f","153d20fb-9c5a-4277-ab4e-f4c2fdf42b1a","900043000200948","f",NA,NA,"unexposed","egg","",NA,"","FALSE",NA
"2e675df9-459a-4809-9585-857fb9d6f44d","153d20fb-9c5a-4277-ab4e-f4c2fdf42b1a","900043000200694","f",NA,NA,"unexposed","egg","",NA,"","FALSE",NA
"73ead5c4-33d4-4145-90d5-2361d4a09ee4","153d20fb-9c5a-4277-ab4e-f4c2fdf42b1a","900043000200964","m",NA,NA,"unexposed","egg","",NA,"","FALSE",NA
"c48f123c-622a-4aab-8c6b-2655add83b51","153d20fb-9c5a-4277-ab4e-f4c2fdf42b1a","900043000200654","m",NA,NA,"unexposed","egg","",NA,"","FALSE",NA
"0192d973-b727-42fa-a9ef-6a35cc248884","153d20fb-9c5a-4277-ab4e-f4c2fdf42b1a","900043000200882","m",NA,NA,"unexposed","egg","",NA,"","FALSE",NA
"804a61b8-9435-4074-823c-b05e22b9e196","153d20fb-9c5a-4277-ab4e-f4c2fdf42b1a","900043000200775","f",NA,NA,"unexposed","egg","",NA,"","FALSE",NA
"01ef0e5f-be7c-4cb8-b5ae-af6aa9f44a27","153d20fb-9c5a-4277-ab4e-f4c2fdf42b1a","900043000200566","m",NA,NA,"unexposed","egg","",NA,"","FALSE",NA
"5a4b8af7-82b7-43b2-a4f7-be1b6fb2dee8","153d20fb-9c5a-4277-ab4e-f4c2fdf42b1a","900043000200597","f",NA,NA,"unexposed","egg","",NA,"","FALSE",NA
"be553947-d8b7-4390-a5dd-e5e2045f58f5","153d20fb-9c5a-4277-ab4e-f4c2fdf42b1a","900043000164827","f",NA,NA,"unexposed","egg","",NA,"","FALSE",NA
"66f9e0f4-aa53-4fe5-86ea-afa2393a2baf","153d20fb-9c5a-4277-ab4e-f4c2fdf42b1a","900043000200762","f",NA,NA,"unexposed","egg","",NA,"","FALSE",NA
"e03bd03d-bd85-4a56-84f8-3fd069e8632d","153d20fb-9c5a-4277-ab4e-f4c2fdf42b1a","900043000200793","f",NA,NA,"unexposed","egg","",NA,"","FALSE",NA
"c0130e0b-31b7-49dc-8792-d6c6d7c9843e","153d20fb-9c5a-4277-ab4e-f4c2fdf42b1a","900043000200966","m",NA,NA,"unexposed","egg","",NA,"","FALSE",NA
"cbbfdc1c-9e37-4b1b-9d21-3eac1149d0fc","153d20fb-9c5a-4277-ab4e-f4c2fdf42b1a","900043000164882","m",NA,NA,"unexposed","egg","",NA,"","FALSE",NA
"563f58b5-691a-4282-a5d8-5e0042bb5413","153d20fb-9c5a-4277-ab4e-f4c2fdf42b1a","900043000200637","f",NA,NA,"unexposed","egg","",NA,"","FALSE",NA
"551a1dd6-db2f-402a-b08c-63338006620a","153d20fb-9c5a-4277-ab4e-f4c2fdf42b1a","900043000200630","f",NA,NA,"unexposed","egg","",NA,"","FALSE",NA
"c4af3d66-5549-4274-bd47-2b3b0cc316a1","153d20fb-9c5a-4277-ab4e-f4c2fdf42b1a","900043000200850","m",NA,NA,"unexposed","egg","",NA,"","FALSE",NA
"c5eaf460-9cc4-4505-a690-de652dbe139d","153d20fb-9c5a-4277-ab4e-f4c2fdf42b1a","900043000164849","m",NA,NA,"unexposed","egg","",NA,"","FALSE",NA
"bef29d02-2499-4408-b1d7-3b26e730ff41","153d20fb-9c5a-4277-ab4e-f4c2fdf42b1a","900043000200663","f",NA,NA,"unexposed","egg","",NA,"","FALSE",NA
"766e5952-debd-4ebb-9f31-26f585acc28d","153d20fb-9c5a-4277-ab4e-f4c2fdf42b1a","900043000200510","m",NA,NA,"unexposed","egg","",NA,"","FALSE",NA
"4b50f55c-69b5-4581-88e3-13f9fae5cbca","153d20fb-9c5a-4277-ab4e-f4c2fdf42b1a","900043000200779","f",NA,NA,"unexposed","egg","",NA,"","FALSE",NA
"64ae9858-9626-4e4c-832c-bef6e556ce60","153d20fb-9c5a-4277-ab4e-f4c2fdf42b1a","900043000164826","f",NA,NA,"unexposed","egg","",NA,"","FALSE",NA
"fe40c48a-a3e5-4661-bd7a-f97f7c97faf4","153d20fb-9c5a-4277-ab4e-f4c2fdf42b1a","900043000200960","f",NA,NA,"unexposed","egg","",NA,"","FALSE",NA
"5595e86e-67b8-45d6-b780-ad142eb7222b","153d20fb-9c5a-4277-ab4e-f4c2fdf42b1a","900043000164853","f",NA,NA,"unexposed","egg","",NA,"","FALSE",NA
"02db0638-0c5a-407a-8984-478eec1b38ea","153d20fb-9c5a-4277-ab4e-f4c2fdf42b1a","900043000200806","m",NA,NA,"unexposed","egg","",NA,"","FALSE",NA
"aee8479c-329d-4928-b88a-94fb6f7cc6f4","153d20fb-9c5a-4277-ab4e-f4c2fdf42b1a","900043000200594","m",NA,NA,"unexposed","egg","",NA,"","FALSE",NA
"13dc84ca-7942-49f5-bef0-d05152d869fa","153d20fb-9c5a-4277-ab4e-f4c2fdf42b1a","900043000200648","m",NA,NA,"unexposed","egg","",NA,"","FALSE",NA
"2ed0327e-f94d-4c04-986e-9ee52e380edd","153d20fb-9c5a-4277-ab4e-f4c2fdf42b1a","900043000200917","f",NA,NA,"unexposed","egg","",NA,"","FALSE",NA
"e4eb1f5d-e212-409c-bab5-73828eaebd47","153d20fb-9c5a-4277-ab4e-f4c2fdf42b1a","900043000164804","f",NA,NA,"unexposed","egg","",NA,"","FALSE",NA
"8158e52b-6537-47e7-b439-591d3976f00e","153d20fb-9c5a-4277-ab4e-f4c2fdf42b1a","900043000164833","m",NA,NA,"unexposed","egg","",NA,"","FALSE",NA
"ab19fd2c-6878-410f-9f2c-19e33cf05767","153d20fb-9c5a-4277-ab4e-f4c2fdf42b1a","900043000200804","f",NA,NA,"unexposed","egg","",NA,"","FALSE",NA
"abc6c24f-2674-4788-8238-ffda286f1b54","153d20fb-9c5a-4277-ab4e-f4c2fdf42b1a","900043000200926","m",NA,NA,"unexposed","egg","",NA,"","FALSE",NA
"6c4cb0b8-250c-42ac-9aab-32dbb9603231","153d20fb-9c5a-4277-ab4e-f4c2fdf42b1a","900043000200861","f",NA,NA,"unexposed","egg","",NA,"","FALSE",NA
"03e17721-2c13-429b-8b52-86286ff42cf1","153d20fb-9c5a-4277-ab4e-f4c2fdf42b1a","900043000200927","m",NA,NA,"unexposed","egg","",NA,"","FALSE",NA
"96111561-cbfb-4764-97fb-04155b1c91e2","153d20fb-9c5a-4277-ab4e-f4c2fdf42b1a","900043000200613","f",NA,NA,"unexposed","egg","",NA,"","FALSE",NA
"15056900-c12a-4b5a-b893-28c75787fde4","153d20fb-9c5a-4277-ab4e-f4c2fdf42b1a","900043000200685","m",NA,NA,"unexposed","egg","",NA,"","FALSE",NA
"66499369-befb-4ca5-b36e-2d2e554c6967","153d20fb-9c5a-4277-ab4e-f4c2fdf42b1a","900043000200712","m",NA,NA,"unexposed","egg","",NA,"","FALSE",NA
"a5e61034-fc4e-483d-9605-34022b5f1e3f","153d20fb-9c5a-4277-ab4e-f4c2fdf42b1a","900043000200551","m",NA,NA,"unexposed","egg","",NA,"","FALSE",NA
"38691169-f085-48e4-80ae-9a3440fe464d","153d20fb-9c5a-4277-ab4e-f4c2fdf42b1a","900043000200705","m",NA,NA,"unexposed","egg","",NA,"","FALSE",NA
"aae61a9f-2e13-4bfe-a730-c63db2049785","153d20fb-9c5a-4277-ab4e-f4c2fdf42b1a","900043000200515","m",NA,NA,"unexposed","egg","",NA,"","FALSE",NA
"527533a3-39d1-47c0-bdab-1e6513791da8","153d20fb-9c5a-4277-ab4e-f4c2fdf42b1a","900043000200564","m",NA,NA,"unexposed","egg","",NA,"","FALSE",NA
"c8b8f613-f0b3-4cb3-8237-f243490bbc8d","153d20fb-9c5a-4277-ab4e-f4c2fdf42b1a","900043000200650","f",NA,NA,"unexposed","egg","",NA,"","FALSE",NA
"24d43d58-25e7-483d-93c9-a5ceeb7b4d8f","153d20fb-9c5a-4277-ab4e-f4c2fdf42b1a","900043000200881","m",NA,NA,"unexposed","egg","",NA,"","FALSE",NA
"910e464b-6052-41ae-871f-34755448d9d0","153d20fb-9c5a-4277-ab4e-f4c2fdf42b1a","982000407072553","f",NA,NA,"unexposed","egg","",NA,"","FALSE",NA
"55a6f6b4-c5bb-4709-b039-66782dcd013f","153d20fb-9c5a-4277-ab4e-f4c2fdf42b1a","900043000164845","m",NA,NA,"unexposed","egg","",NA,"","FALSE",NA
"f0ed0228-e9fc-477c-98c8-c46a2f85f977","153d20fb-9c5a-4277-ab4e-f4c2fdf42b1a","900043000200576","m",NA,NA,"unexposed","egg","",NA,"","FALSE",NA
"dacddf71-b884-460f-9856-8204b5682d0f","153d20fb-9c5a-4277-ab4e-f4c2fdf42b1a","900043000200761","m",NA,NA,"unexposed","egg","",NA,"","FALSE",NA
"a08e175f-54a6-48dd-a9c8-04da7bf8d7f9","153d20fb-9c5a-4277-ab4e-f4c2fdf42b1a","900043000200535","m",NA,NA,"unexposed","egg","",NA,"","FALSE",NA
"37675d0c-5d86-4dab-bd26-7119b7a20adf","153d20fb-9c5a-4277-ab4e-f4c2fdf42b1a","900043000200906","m",NA,NA,"unexposed","egg","",NA,"","FALSE",NA
"d59057ca-4dfc-441e-b588-c88863287fcd","153d20fb-9c5a-4277-ab4e-f4c2fdf42b1a","900043000200958","m",NA,NA,"unexposed","egg","",NA,"","FALSE",NA
"556e6c98-e77a-45bc-9f8d-8f5c619afc58","153d20fb-9c5a-4277-ab4e-f4c2fdf42b1a","900043000164841","m",NA,NA,"unexposed","egg","",NA,"","FALSE",NA
"924641be-2d71-4444-a084-8509210616e0","153d20fb-9c5a-4277-ab4e-f4c2fdf42b1a","900043000200866","f",NA,NA,"unexposed","egg","",NA,"","FALSE",NA
"bf207cac-45ea-41ea-9999-41e851e47407","153d20fb-9c5a-4277-ab4e-f4c2fdf42b1a","900043000200939","m",NA,NA,"unexposed","egg","",NA,"","FALSE",NA
"79779ba1-c8f9-4939-8de1-b69cdb7c9855","153d20fb-9c5a-4277-ab4e-f4c2fdf42b1a","900043000200696","m",NA,NA,"unexposed","egg","",NA,"","FALSE",NA
"00760e3f-fbea-42df-97f5-eb0ee16bb80e","153d20fb-9c5a-4277-ab4e-f4c2fdf42b1a","900043000200653","m",NA,NA,"unexposed","egg","",NA,"","FALSE",NA
"36408c8c-de15-45a1-ad6e-3c6d6be8fe1a","153d20fb-9c5a-4277-ab4e-f4c2fdf42b1a","900043000200836","f",NA,NA,"unexposed","egg","",NA,"","FALSE",NA
"057d71d5-bdd9-43f7-a94a-0e58dc3768df","153d20fb-9c5a-4277-ab4e-f4c2fdf42b1a","900043000200795","f",NA,NA,"unexposed","egg","",NA,"","FALSE",NA
"e0e4e60f-ba63-4075-89b8-e952dfd1436a","153d20fb-9c5a-4277-ab4e-f4c2fdf42b1a","900043000164835","f",NA,NA,"unexposed","egg","",NA,"","FALSE",NA
"d4c696fc-40d9-40db-82b6-a342e557358c","153d20fb-9c5a-4277-ab4e-f4c2fdf42b1a","900043000200840","f",NA,NA,"unexposed","egg","",NA,"","FALSE",NA
"f0dfb258-000d-4fad-8b93-8c358b4a198a","153d20fb-9c5a-4277-ab4e-f4c2fdf42b1a","900043000200913","m",NA,NA,"unexposed","egg","",NA,"","FALSE",NA
"80d48975-9190-4ed5-b450-086617d981b4","153d20fb-9c5a-4277-ab4e-f4c2fdf42b1a","900043000200820","f",NA,NA,"unexposed","egg","",NA,"","FALSE",NA
"abec8b99-20a7-4650-bbf6-85180675a120","153d20fb-9c5a-4277-ab4e-f4c2fdf42b1a","900043000200996","m",NA,NA,"unexposed","egg","",NA,"","FALSE",NA
"7cedca1b-3b27-4f84-ae00-1116e9f6c494","153d20fb-9c5a-4277-ab4e-f4c2fdf42b1a","900043000200568","f",NA,NA,"unexposed","egg","",NA,"","FALSE",NA
"85975867-7f25-45d0-8281-ec9f12d2999a","153d20fb-9c5a-4277-ab4e-f4c2fdf42b1a","900043000200904","f",NA,NA,"unexposed","egg","",NA,"","FALSE",NA
"2c71d432-4749-45e8-8c27-6846074b3187","153d20fb-9c5a-4277-ab4e-f4c2fdf42b1a","900043000164844","f",NA,NA,"unexposed","egg","",NA,"","FALSE",NA
"c9381932-c27c-47c0-895f-b14f2542a192","153d20fb-9c5a-4277-ab4e-f4c2fdf42b1a","900043000200609","m",NA,NA,"unexposed","egg","",NA,"","FALSE",NA
"60bf37e7-7a2f-48dd-b9aa-23d860ee6604","153d20fb-9c5a-4277-ab4e-f4c2fdf42b1a","900043000200585","m",NA,NA,"unexposed","egg","",NA,"","FALSE",NA
"47ac4e81-2805-4ab5-a88c-bdf36761bed6","153d20fb-9c5a-4277-ab4e-f4c2fdf42b1a","900043000164879","f",NA,NA,"unexposed","egg","",NA,"","FALSE",NA
"ce2ce4f2-ee9c-44ee-89a1-d88b62d70e39","153d20fb-9c5a-4277-ab4e-f4c2fdf42b1a","900043000200758","f",NA,NA,"unexposed","egg","",NA,"","FALSE",NA
"5f20894f-7bdf-46f0-92ee-947bb4af3374","153d20fb-9c5a-4277-ab4e-f4c2fdf42b1a","900043000200821","f",NA,NA,"unexposed","egg","",NA,"","FALSE",NA
"8b8dcd54-613b-4f14-96ab-ebff85604491","153d20fb-9c5a-4277-ab4e-f4c2fdf42b1a","900043000200892","f",NA,NA,"unexposed","egg","",NA,"","FALSE",NA
"af1572f3-2473-4c0c-b19e-8180ea360511","153d20fb-9c5a-4277-ab4e-f4c2fdf42b1a","900043000200702","f",NA,NA,"unexposed","egg","",NA,"","FALSE",NA
"c83d7f7f-c24b-47b4-bf45-ea36c4211e60","153d20fb-9c5a-4277-ab4e-f4c2fdf42b1a","900043000200598","m",NA,NA,"unexposed","egg","",NA,"","FALSE",NA
"ca129a37-533b-4271-9252-5e51be6a7798","153d20fb-9c5a-4277-ab4e-f4c2fdf42b1a","900043000200998","m",NA,NA,"unexposed","egg","",NA,"","FALSE",NA
"17107463-80bd-4b10-b1f4-15a03abacc25","153d20fb-9c5a-4277-ab4e-f4c2fdf42b1a","900043000200519","f",NA,NA,"unexposed","egg","",NA,"","FALSE",NA
"0fad4f46-04d6-4eae-8b67-291d01b5bace","153d20fb-9c5a-4277-ab4e-f4c2fdf42b1a","900043000200823","m",NA,NA,"unexposed","egg","",NA,"","FALSE",NA
"d09b22e8-04b7-4791-a770-c60b2c37ec03","153d20fb-9c5a-4277-ab4e-f4c2fdf42b1a","900043000200993","m",NA,NA,"unexposed","egg","",NA,"","FALSE",NA
"c865da5e-bd65-4e14-b026-57f7b55c746c","153d20fb-9c5a-4277-ab4e-f4c2fdf42b1a","900043000200945","f",NA,NA,"unexposed","egg","",NA,"","FALSE",NA
"ead9678d-dfb0-4c8e-9262-cea71fc4bd85","153d20fb-9c5a-4277-ab4e-f4c2fdf42b1a","900043000200909","m",NA,NA,"unexposed","egg","",NA,"","FALSE",NA
"90da3c2f-3447-4628-a3b3-5bf07face06f","153d20fb-9c5a-4277-ab4e-f4c2fdf42b1a","900043000164822","f",NA,NA,"unexposed","egg","",NA,"","FALSE",NA
"b9199736-e292-4162-b4f6-949ac4772290","153d20fb-9c5a-4277-ab4e-f4c2fdf42b1a","900043000200607","m",NA,NA,"unexposed","egg","",NA,"","FALSE",NA
"42b71590-e542-4531-aeb7-bea10d692bba","153d20fb-9c5a-4277-ab4e-f4c2fdf42b1a","900043000200719","f",NA,NA,"unexposed","egg","",NA,"","FALSE",NA
"53b2429c-b0d0-4cb7-84d6-e1dd3a8dcab7","153d20fb-9c5a-4277-ab4e-f4c2fdf42b1a","900043000200919","f",NA,NA,"unexposed","egg","",NA,"","FALSE",NA
"89c0c4aa-8613-40c0-ab8a-f6800a9eaeab","153d20fb-9c5a-4277-ab4e-f4c2fdf42b1a","900043000164884","f",NA,NA,"unexposed","egg","",NA,"","FALSE",NA
"87c41fe6-3a11-48b8-81bc-1c54632b9625","153d20fb-9c5a-4277-ab4e-f4c2fdf42b1a","900043000200582","f",NA,NA,"unexposed","egg","",NA,"","FALSE",NA
"ea26df4d-3828-46b9-a19d-ca16d5428193","153d20fb-9c5a-4277-ab4e-f4c2fdf42b1a","900043000200841","f",NA,NA,"unexposed","egg","",NA,"","FALSE",NA
"420331d0-4411-4af6-9ec9-8f14dab60b3a","153d20fb-9c5a-4277-ab4e-f4c2fdf42b1a","900043000200703","m",NA,NA,"unexposed","egg","",NA,"","FALSE",NA
"1b0c209c-67c1-4971-a627-e47e30804605","153d20fb-9c5a-4277-ab4e-f4c2fdf42b1a","900043000200549","m",NA,NA,"unexposed","egg","",NA,"","FALSE",NA
"12cadb84-e907-4a16-b3af-c5cba7bf20cb","153d20fb-9c5a-4277-ab4e-f4c2fdf42b1a","900043000200688","m",NA,NA,"unexposed","egg","",NA,"","FALSE",NA
"a06b3c9e-9d1e-4110-ac13-fd602a325ffe","153d20fb-9c5a-4277-ab4e-f4c2fdf42b1a","900043000200885","m",NA,NA,"unexposed","egg","",NA,"","FALSE",NA
"5d1e9df6-1b03-41fa-bd31-722517a5ebc3","153d20fb-9c5a-4277-ab4e-f4c2fdf42b1a","900043000200854","m",NA,NA,"unexposed","egg","",NA,"","FALSE",NA
"0dbff1be-641c-409c-bae9-7ee8eaae7034","153d20fb-9c5a-4277-ab4e-f4c2fdf42b1a","900043000200652","m",NA,NA,"unexposed","egg","",NA,"","FALSE",NA
"8ac04072-43a5-4f49-80d3-7c128eb3e3c3","153d20fb-9c5a-4277-ab4e-f4c2fdf42b1a","900043000200814","m",NA,NA,"unexposed","egg","",NA,"","FALSE",NA
"07f41a2a-7713-49e2-ab4d-9979776eeb30","153d20fb-9c5a-4277-ab4e-f4c2fdf42b1a","900043000200891","m",NA,NA,"unexposed","egg","",NA,"","FALSE",NA
"04519ed3-160d-4e25-a3e1-3919c3dadab9","153d20fb-9c5a-4277-ab4e-f4c2fdf42b1a","900043000200745","m",NA,NA,"unexposed","egg","",NA,"","FALSE",NA
"b1c6d460-0a6e-4105-a0fc-2ff7a50e112d","153d20fb-9c5a-4277-ab4e-f4c2fdf42b1a","900043000200667","m",NA,NA,"unexposed","egg","",NA,"","FALSE",NA
"c9c727ef-0602-44af-8a3e-69f2cda9a950","153d20fb-9c5a-4277-ab4e-f4c2fdf42b1a","900043000200673","f",NA,NA,"unexposed","egg","",NA,"","FALSE",NA
"27ff8b45-c91b-45a3-bda3-167250190616","ee52818b-9994-4020-863b-9b1a6c7a4d6a","900043000200886","m",NA,NA,"unexposed","tadpole","",NA,"","FALSE",NA
"bb178e02-6dba-41f1-94d0-8a246a87802d","5de1bf34-a135-44a1-b327-3ca0413aaa91","900043000200976","f",NA,NA,"unexposed","tadpole","",NA,"","FALSE",NA
"1431ee7a-a62e-44ef-a1dd-34117f05104f","ee52818b-9994-4020-863b-9b1a6c7a4d6a","900043000200532","m",NA,NA,"unexposed","tadpole","",NA,"","FALSE",NA
"73fbb248-1be0-4158-8f3e-f0ff5db12386","ee52818b-9994-4020-863b-9b1a6c7a4d6a","900043000200629","f",NA,NA,"unexposed","tadpole","",NA,"","FALSE",NA
"eda0ec89-5b06-49b1-b51c-54f567d77d77","ee52818b-9994-4020-863b-9b1a6c7a4d6a","900043000200869","m",NA,NA,"unexposed","tadpole","",NA,"","FALSE",NA
"7fceb6e6-9afb-476c-b7d5-595454b9a001","5de1bf34-a135-44a1-b327-3ca0413aaa91","900043000200749","m",NA,NA,"unexposed","tadpole","",NA,"","FALSE",NA
"002525f1-f930-4dcb-adc8-b9d99123b102","ee52818b-9994-4020-863b-9b1a6c7a4d6a","900043000200563","f",NA,NA,"unexposed","tadpole","",NA,"","FALSE",NA
"113899fe-6b82-43a1-a58e-a71b5e445e5d","5de1bf34-a135-44a1-b327-3ca0413aaa91","900043000164431","m",NA,NA,"unexposed","tadpole","",NA,"prolapse","FALSE",NA
"089caf84-cd62-40c4-bcc2-411ffc29d4eb","5de1bf34-a135-44a1-b327-3ca0413aaa91","982126058791268","m",NA,NA,"unexposed","tadpole","",NA,"frog not pit tagged. large anal prolapse. red bump on leg.","TRUE",NA
"7d84b4ed-6583-46b9-a5fa-a7214f2b45f0","ee52818b-9994-4020-863b-9b1a6c7a4d6a","900043000200792","f",NA,NA,"unexposed","tadpole","",NA,"","FALSE",NA
"dbf83700-76e1-4789-b453-4cb321ef967c","5de1bf34-a135-44a1-b327-3ca0413aaa91","900043000200918","m",NA,NA,"unexposed","tadpole","",NA,"","FALSE",NA
"83c0a775-44b9-4023-a0e2-8300fc97f97e","5de1bf34-a135-44a1-b327-3ca0413aaa91","900043000200725","m",NA,NA,"unexposed","tadpole","",NA,"","FALSE",NA
"c57d14b3-4802-4dff-9c9e-e4bf35d24d8d","ee52818b-9994-4020-863b-9b1a6c7a4d6a","900043000200728","f",NA,NA,"unexposed","tadpole","",NA,"","FALSE",NA
"a1395ad4-94fa-42a3-9777-a05889ca84d4","ee52818b-9994-4020-863b-9b1a6c7a4d6a","900043000200720","m",NA,NA,"unexposed","tadpole","",NA,"","FALSE",NA
"e577cbae-e93c-44a2-9e62-615ea289719b","ee52818b-9994-4020-863b-9b1a6c7a4d6a","900043000200851","f",NA,NA,"unexposed","tadpole","",NA,"","FALSE",NA
"6942111a-7d3d-4c6e-9e5e-008e6bdf2c83","5de1bf34-a135-44a1-b327-3ca0413aaa91","900043000200922","f",NA,NA,"unexposed","tadpole","",NA,"","FALSE",NA
"88827615-37f8-4255-bde1-76e1c0b51d52","ee52818b-9994-4020-863b-9b1a6c7a4d6a","900043000200521","m",NA,NA,"unexposed","tadpole","",NA,"","FALSE",NA
"70c2f1c9-45f5-4831-a759-102fa20029d9","5de1bf34-a135-44a1-b327-3ca0413aaa91","900043000200868","f",NA,NA,"unexposed","tadpole","",NA,"","FALSE",NA
"be1c109d-e15c-4c6a-a02d-5779d3e2cfa2","ee52818b-9994-4020-863b-9b1a6c7a4d6a","900043000200748","f",NA,NA,"unexposed","tadpole","",NA,"","FALSE",NA
"79a68aa4-8049-47de-9689-719cb262f9a8","ee52818b-9994-4020-863b-9b1a6c7a4d6a","900043000200664","m",NA,NA,"unexposed","tadpole","",NA,"","FALSE",NA
"2a1f5bcc-b299-43d7-b9cb-1c2c64d0f09c","ee52818b-9994-4020-863b-9b1a6c7a4d6a","900043000200727","m",NA,NA,"unexposed","tadpole","",NA,"","FALSE",NA
"da6d9752-18aa-49f5-9de5-09f6866385ae","65035c59-1b7e-42b9-8b70-3d1da9fcc19f","982126058791307","m",28,55,"unexposed","adult","","RKS32078","","TRUE","Knapp"
"661898a8-daa2-43c2-ab46-091e5ab4e386","65035c59-1b7e-42b9-8b70-3d1da9fcc19f","982126058791261","f",10,48,"unexposed","adult","","RKS32079","","TRUE","Miller"
"b7e1e674-0433-4aeb-8163-a6230116fa8c","65035c59-1b7e-42b9-8b70-3d1da9fcc19f","982126058791306","m",8,41,"unexposed","adult","","RKS32080","","TRUE","Knapp"
"ed7d2bb3-5de2-489d-a103-77e9d7a5dd24","65035c59-1b7e-42b9-8b70-3d1da9fcc19f","982126058791309","f",7,41,"unexposed","adult","","RKS32081","","TRUE","Miller"
"c38530c2-e6ab-4b2e-b016-da22f582d0fc","65035c59-1b7e-42b9-8b70-3d1da9fcc19f","982126058791324","m",8,41,"unexposed","adult","","RKS32082","","TRUE","Knapp"
"8099ff60-a1bb-4fdd-a841-38432b364b6b","65035c59-1b7e-42b9-8b70-3d1da9fcc19f","982126058791165","m",23,58,"unexposed","adult","","RKS32083","","TRUE","Miller"
"a430355c-c4e0-45ff-85a6-b4242b0ce2ad","65035c59-1b7e-42b9-8b70-3d1da9fcc19f","982126058791326","f",8,41,"unexposed","adult","","RKS32084","","TRUE","Knapp"
"2b13fadf-d29f-4d80-9a35-6d692a730ddc","65035c59-1b7e-42b9-8b70-3d1da9fcc19f","982126058791191","f",8,41,"unexposed","adult","","RKS32085","","TRUE","Knapp"
"5c031c85-12a1-43ef-b8c6-474086dde1cb","65035c59-1b7e-42b9-8b70-3d1da9fcc19f","982126058791341","m",9,43,"unexposed","adult","","RKS32086","","TRUE","Knapp"
"4bc6211d-4795-4390-8c6b-44379e01e303","65035c59-1b7e-42b9-8b70-3d1da9fcc19f","982126058791271","m",9,46,"unexposed","adult","","RKS32087","","TRUE","Miller"
"72d14930-e2ae-47c0-a88c-ed5a5082033d","65035c59-1b7e-42b9-8b70-3d1da9fcc19f","982126058791278","f",11,46,"unexposed","adult","","RKS32088","","TRUE","Knapp"
"ab3d1177-66e1-4e8e-93eb-0d08dbb6c054","65035c59-1b7e-42b9-8b70-3d1da9fcc19f","982126058791223","m",8,42,"unexposed","adult","","RKS32089","","TRUE","Miller"
"b3299335-5bf1-48ad-a007-6407ff56aacd","65035c59-1b7e-42b9-8b70-3d1da9fcc19f","982126058791275","m",8,42,"unexposed","adult","","RKS32114","","TRUE","Knapp"
"3fe7f70f-f0f7-4261-9026-827197ae7671","65035c59-1b7e-42b9-8b70-3d1da9fcc19f","982126058791336","m",13,47,"unexposed","adult","","RKS32115","","TRUE","Knapp"
"440fbfeb-336d-4c93-a483-66ce830f21c1","65035c59-1b7e-42b9-8b70-3d1da9fcc19f","982126058791235","m",8,44,"unexposed","adult","","RKS32116","","TRUE","Miller"
"fcb73aae-09ab-4a48-9c1e-be97824a8961","65035c59-1b7e-42b9-8b70-3d1da9fcc19f","982126058791327","m",8,43,"unexposed","adult","","RKS32117","","TRUE","Miller"
"f5571810-d212-4e6f-976a-d2853537645e","65035c59-1b7e-42b9-8b70-3d1da9fcc19f","982126058791318","f",8,41,"unexposed","adult","","RKS32118","","TRUE","Knapp"
"c11fabe8-354a-4f7c-ba2b-d1d83b80b62e","65035c59-1b7e-42b9-8b70-3d1da9fcc19f","982126058791297","f",10,47,"unexposed","adult","","RKS32119","","TRUE","Miller"
"75a0439a-b0b5-4a41-b887-4ca7f7460d88","65035c59-1b7e-42b9-8b70-3d1da9fcc19f","982126058791337","m",8,41,"unexposed","adult","","RKS32120","","TRUE","Knapp"
"30d07595-97d6-41df-b826-49aaa1282652","65035c59-1b7e-42b9-8b70-3d1da9fcc19f","982126058791357","m",17,53,"unexposed","adult","","RKS32121","","TRUE","Miller"
"2b959d59-b2a9-4018-b6fd-8d090235754b","65035c59-1b7e-42b9-8b70-3d1da9fcc19f","982126058791355","f",8,42,"unexposed","adult","","RKS32122","","TRUE","Knapp"
"ff797e13-d329-4c98-af88-331869bf66b1","65035c59-1b7e-42b9-8b70-3d1da9fcc19f","982126058791182","f",19,53,"unexposed","adult","","RKS32123","","TRUE","Miller"
"b7a74287-3aba-4cb2-8a07-1482834c4ec1","65035c59-1b7e-42b9-8b70-3d1da9fcc19f","982126058791284","f",8,41,"unexposed","adult","","RKS32124","","TRUE","Knapp"
"8289a5b7-1b29-4a2f-8eb9-4b308bcac0a5","65035c59-1b7e-42b9-8b70-3d1da9fcc19f","982126058791353","f",11,44,"unexposed","adult","","RKS32125","","TRUE","Miller"
"fcafc2a5-80ed-4105-a1e9-b23528c128f4","65035c59-1b7e-42b9-8b70-3d1da9fcc19f","982126058791272","f",8,42,"unexposed","adult","","RKS32126","","TRUE","Knapp"
"dbb8b129-a480-4c81-9280-a2934635669f","65035c59-1b7e-42b9-8b70-3d1da9fcc19f","982126058791323","f",8,41,"unexposed","adult","","RKS32127","","TRUE","Miller"
"fba34b70-2f4a-4485-a0c8-7c3089ed94e5","65035c59-1b7e-42b9-8b70-3d1da9fcc19f","982126058791349","m",10,45,"unexposed","adult","","RKS32128","","TRUE","Knapp"
"641359f6-b519-4814-95b0-b1e41d26dd14","65035c59-1b7e-42b9-8b70-3d1da9fcc19f","982126058791265","m",10,45,"unexposed","adult","","RKS32129","","TRUE","Miller"
"312aa16d-bed6-44c6-ac86-a3f6c6cb3da3","65035c59-1b7e-42b9-8b70-3d1da9fcc19f","982126058791248","f",8,42,"unexposed","adult","","RKS32130","","TRUE","Miller"
"b72bcebb-23b5-4209-857a-48fedadb61a9","65035c59-1b7e-42b9-8b70-3d1da9fcc19f","982126058791298","f",6,40,"unexposed","adult","","RKS32131","","TRUE","Knapp"
"8e8bd8e9-5284-41de-9c1f-180329f355b8","9d4618e0-58c5-4202-90ed-9e048f34ac8f","900043000200562","m",NA,NA,"unexposed","tadpole","",NA,"","FALSE",NA
"30f60d67-538f-48d7-9761-ed40cdd594e7","9d4618e0-58c5-4202-90ed-9e048f34ac8f","900043000200602","f",NA,NA,"unexposed","tadpole","",NA,"","FALSE",NA
"959bd93e-3800-49af-93f7-0ea37e890a80","9d4618e0-58c5-4202-90ed-9e048f34ac8f","900043000200944","f",NA,NA,"unexposed","tadpole","",NA,"","FALSE",NA
"f21133a5-1357-440f-870c-d762cbe477cf","9d4618e0-58c5-4202-90ed-9e048f34ac8f","900043000200923","m",NA,NA,"unexposed","tadpole","",NA,"","FALSE",NA
"ebbf10eb-22a4-4b65-8238-a6ba7b351cfd","9d4618e0-58c5-4202-90ed-9e048f34ac8f","900043000200921","f",NA,NA,"unexposed","tadpole","",NA,"","FALSE",NA
"fdf6a772-1ae3-40c1-896a-b01cd738ce15","9d4618e0-58c5-4202-90ed-9e048f34ac8f","900043000200717","f",NA,NA,"unexposed","tadpole","",NA,"","FALSE",NA
"41c9f613-a955-4f33-b2af-ed3067145a97","9d4618e0-58c5-4202-90ed-9e048f34ac8f","900043000200514","m",NA,NA,"unexposed","tadpole","",NA,"","FALSE",NA
"67b572ba-6c42-4f3f-9064-328b90f3df31","9d4618e0-58c5-4202-90ed-9e048f34ac8f","900043000200707","f",NA,NA,"unexposed","tadpole","",NA,"","FALSE",NA
"2b1e7075-a6f4-4f61-b034-c036c67f5084","9d4618e0-58c5-4202-90ed-9e048f34ac8f","900043000200701","f",NA,NA,"unexposed","tadpole","",NA,"","FALSE",NA
"ea718ac9-6c89-4066-b395-c1a58d5120a4","9d4618e0-58c5-4202-90ed-9e048f34ac8f","982000407072521","f",NA,NA,"unexposed","tadpole","",NA,"","FALSE",NA
"1cce6b92-aae7-45f6-8fe9-33cea4b31bc1","9d4618e0-58c5-4202-90ed-9e048f34ac8f","982000407072584","m",NA,NA,"unexposed","tadpole","",NA,"","FALSE",NA
"06999fc1-9172-49a9-a4da-1ede74aa350c","9d4618e0-58c5-4202-90ed-9e048f34ac8f","900043000200986","f",NA,NA,"unexposed","tadpole","",NA,"","FALSE",NA
"960241bf-efd8-44ff-abf7-8cf139d5d468","9d4618e0-58c5-4202-90ed-9e048f34ac8f","982000407072557","m",NA,NA,"unexposed","tadpole","",NA,"","FALSE",NA
"ec8e30a7-7a5c-4d37-a66d-a97218c17b5c","9d4618e0-58c5-4202-90ed-9e048f34ac8f","900043000200828","f",NA,NA,"unexposed","tadpole","",NA,"","FALSE",NA
"5197786e-c776-4a44-8f04-8f81f78a1eab","9d4618e0-58c5-4202-90ed-9e048f34ac8f","900043000200668","f",NA,NA,"unexposed","tadpole","",NA,"","FALSE",NA
"428950d5-15e6-4c6a-9f25-4e57663b951d","9d4618e0-58c5-4202-90ed-9e048f34ac8f","900043000200839","f",NA,NA,"unexposed","tadpole","",NA,"","FALSE",NA
"5ba09455-711c-443a-8574-56633c1ff364","9d4618e0-58c5-4202-90ed-9e048f34ac8f","982000407072509","f",NA,NA,"unexposed","tadpole","",NA,"","FALSE",NA
"b7b78b1b-398b-4c32-b576-8d977f241750","9d4618e0-58c5-4202-90ed-9e048f34ac8f","900043000200818","m",NA,NA,"unexposed","tadpole","",NA,"","FALSE",NA
"c8b4410d-2819-41d0-82d8-6209a4f8fc60","9d4618e0-58c5-4202-90ed-9e048f34ac8f","900043000200984","f",NA,NA,"unexposed","tadpole","",NA,"","FALSE",NA
"8bfeadb1-a457-485c-8da1-d852c9852165","9d4618e0-58c5-4202-90ed-9e048f34ac8f","982000407072533","f",NA,NA,"unexposed","tadpole","",NA,"","FALSE",NA
"409bf917-9c92-40f9-a92b-6bf01c86cdd9","9d4618e0-58c5-4202-90ed-9e048f34ac8f","900043000200753","f",NA,NA,"unexposed","tadpole","",NA,"","FALSE",NA
"54da38bb-f935-424f-bb17-1a47044b11c7","9d4618e0-58c5-4202-90ed-9e048f34ac8f","900043000200756","f",NA,NA,"unexposed","tadpole","",NA,"","FALSE",NA
"1ec8a339-f582-49ed-96dc-978a3e8a3238","9d4618e0-58c5-4202-90ed-9e048f34ac8f","900043000200977","f",NA,NA,"unexposed","tadpole","",NA,"","FALSE",NA
"7c089f60-6ef9-4591-9d1e-f58e0667cca1","9d4618e0-58c5-4202-90ed-9e048f34ac8f","982000407072586","m",NA,NA,"unexposed","tadpole","",NA,"","FALSE",NA
"42b4e02c-9126-4539-8469-a89c67bfe4ce","9d4618e0-58c5-4202-90ed-9e048f34ac8f","982000407072579","m",NA,NA,"unexposed","tadpole","",NA,"","FALSE",NA
"1847f29e-b694-486b-82b0-e108e72a0e90","9d4618e0-58c5-4202-90ed-9e048f34ac8f","900043000200646","m",NA,NA,"unexposed","tadpole","",NA,"","FALSE",NA
"54bdb24d-509b-42d7-9041-1f40dabfa93e","9d4618e0-58c5-4202-90ed-9e048f34ac8f","900043000200670","m",NA,NA,"unexposed","tadpole","",NA,"","FALSE",NA
"faa2a4ce-b105-4337-bc6a-3eb31ef18999","9d4618e0-58c5-4202-90ed-9e048f34ac8f","982126058791344","f",6,43,"unexposed","tadpole","",NA,"no tag in frog or cup, so tagged it.","TRUE",NA
"b811812f-bc58-4167-8ffd-2a7865e902cf","9d4618e0-58c5-4202-90ed-9e048f34ac8f","900043000200908","m",NA,NA,"unexposed","tadpole","",NA,"","FALSE",NA
"00d022d6-cb59-471c-b3b0-2e5dd87b94e1","9d4618e0-58c5-4202-90ed-9e048f34ac8f","900043000200721","f",NA,NA,"unexposed","tadpole","",NA,"","FALSE",NA
"226089e1-3944-4e19-9a80-14997aa2d176","9d4618e0-58c5-4202-90ed-9e048f34ac8f","900043000200730","m",NA,NA,"unexposed","tadpole","",NA,"","FALSE",NA
"bc34c38b-4c2f-4d78-a8b8-d2cad677f569","9d4618e0-58c5-4202-90ed-9e048f34ac8f","982000407072581","f",NA,NA,"unexposed","tadpole","",NA,"","FALSE",NA
"951d43a6-3211-4729-b0af-88a34ad5c639","9d4618e0-58c5-4202-90ed-9e048f34ac8f","900043000200665","f",NA,NA,"unexposed","tadpole","",NA,"","FALSE",NA
"c0b9b1f7-129c-49fe-91d8-ff774c2d26cb","9d4618e0-58c5-4202-90ed-9e048f34ac8f","900043000200640","m",NA,NA,"unexposed","tadpole","",NA,"","FALSE",NA
"17aa3b36-00b4-4ad8-bdfc-59cb6376fd00","9d4618e0-58c5-4202-90ed-9e048f34ac8f","900043000200934","f",NA,NA,"unexposed","tadpole","",NA,"","FALSE",NA
"3a2b165a-1611-4c9c-ba14-2d7c1bafa9f5","9d4618e0-58c5-4202-90ed-9e048f34ac8f","900043000137435","m",NA,NA,"unexposed","tadpole","",NA,"","FALSE",NA
"5c160521-e930-4941-9f4c-1aa3a6f293e4","9d4618e0-58c5-4202-90ed-9e048f34ac8f","900043000200872","f",NA,NA,"unexposed","tadpole","",NA,"","FALSE",NA
"3a435552-af53-4d9f-9588-b7028a731ef9","9d4618e0-58c5-4202-90ed-9e048f34ac8f","900043000200693","f",NA,NA,"unexposed","tadpole","",NA,"","FALSE",NA
"57bf40be-f4ac-4e2b-bd6a-89697d61ecdc","9d4618e0-58c5-4202-90ed-9e048f34ac8f","900043000200936","m",NA,NA,"unexposed","tadpole","",NA,"","FALSE",NA
"3480b271-a9de-4149-b129-83618dadc88a","9d4618e0-58c5-4202-90ed-9e048f34ac8f","900043000164888","m",NA,NA,"unexposed","tadpole","",NA,"","FALSE",NA
"ff5e1e59-809c-43f0-a99e-10f7c2d6d195","9d4618e0-58c5-4202-90ed-9e048f34ac8f","900043000200681","f",NA,NA,"unexposed","tadpole","",NA,"","FALSE",NA
"5f048a79-5f43-40c8-b12b-5b68ea653a60","9d4618e0-58c5-4202-90ed-9e048f34ac8f","900043000200561","f",NA,NA,"unexposed","tadpole","",NA,"","FALSE",NA
"12479abe-8986-4f75-b9b4-bae5efc1166a","9d4618e0-58c5-4202-90ed-9e048f34ac8f","900043000200589","f",NA,NA,"unexposed","tadpole","",NA,"","FALSE",NA
"72fe3989-64df-4f1f-a0fb-dd65f464dbf7","9d4618e0-58c5-4202-90ed-9e048f34ac8f","900043000200530","f",NA,NA,"unexposed","tadpole","",NA,"","FALSE",NA
"b1e33506-4514-4b59-88db-104347f20277","9d4618e0-58c5-4202-90ed-9e048f34ac8f","900043000200787","m",NA,NA,"unexposed","tadpole","",NA,"","FALSE",NA
"2e4c013a-2e1d-4726-95f0-eef396214412","9d4618e0-58c5-4202-90ed-9e048f34ac8f","900043000200972","f",NA,NA,"unexposed","tadpole","",NA,"","FALSE",NA
"cf948cbc-a7f3-411e-afbb-eb9a227063af","9d4618e0-58c5-4202-90ed-9e048f34ac8f","900043000200834","f",NA,NA,"unexposed","tadpole","",NA,"","FALSE",NA
"49ed289f-5dc7-4c9b-a9fe-f9f004030087","9d4618e0-58c5-4202-90ed-9e048f34ac8f","900043000200644","m",NA,NA,"unexposed","tadpole","",NA,"","FALSE",NA
"f3826b22-dbee-461d-a8b3-7c7eb8762e0f","9d4618e0-58c5-4202-90ed-9e048f34ac8f","900043000200527","f",NA,NA,"unexposed","tadpole","",NA,"","FALSE",NA
"fa9bf675-a0a6-47a0-b174-c219ed557a6d","9d4618e0-58c5-4202-90ed-9e048f34ac8f","900043000200938","m",NA,NA,"unexposed","tadpole","",NA,"","FALSE",NA
"6c2a1d67-5d18-4e88-bc56-587a31552493","9d4618e0-58c5-4202-90ed-9e048f34ac8f","900043000200634","m",NA,NA,"unexposed","tadpole","",NA,"","FALSE",NA
"37d54178-ec25-49f7-aa87-51ea6634eadd","9d4618e0-58c5-4202-90ed-9e048f34ac8f","900043000164768","f",NA,NA,"unexposed","tadpole","",NA,"","FALSE",NA
"91dba676-10f3-4bf6-b6a5-9bc40150eaa0","9d4618e0-58c5-4202-90ed-9e048f34ac8f","900043000200803","f",NA,NA,"unexposed","tadpole","",NA,"","FALSE",NA
"1a1cdc8d-7549-48cd-b1b4-fe619611c3dc","9d4618e0-58c5-4202-90ed-9e048f34ac8f","900043000200517","f",NA,NA,"unexposed","tadpole","",NA,"","FALSE",NA
"39b551e8-a58f-43d2-a690-a0af6cb8cfd6","9d4618e0-58c5-4202-90ed-9e048f34ac8f","900043000200626","f",NA,NA,"unexposed","tadpole","",NA,"","FALSE",NA
"def3d576-c1c8-4363-a8ff-8dc871ac6b72","9d4618e0-58c5-4202-90ed-9e048f34ac8f","900043000200692","f",NA,NA,"unexposed","tadpole","",NA,"","FALSE",NA
"c16842f3-ac7d-418c-9a0e-9a1764788b59","9d4618e0-58c5-4202-90ed-9e048f34ac8f","900043000200642","m",NA,NA,"unexposed","tadpole","",NA,"","FALSE",NA
"66015c87-c64d-4643-8c6a-85a8eba255d9","9d4618e0-58c5-4202-90ed-9e048f34ac8f","900043000200548","m",NA,NA,"unexposed","tadpole","",NA,"","FALSE",NA
"fc216e3f-d765-4996-a529-8e6acc238a7a","9d4618e0-58c5-4202-90ed-9e048f34ac8f","900043000200737","f",NA,NA,"unexposed","tadpole","",NA,"","FALSE",NA
"39893247-ca0d-4149-8c03-fd943e211bca","9d4618e0-58c5-4202-90ed-9e048f34ac8f","900043000200666","f",NA,NA,"unexposed","tadpole","",NA,"","FALSE",NA
"68da21a1-6465-4dd9-a78e-9ee30a15d758","9d4618e0-58c5-4202-90ed-9e048f34ac8f","900043000200643","f",NA,NA,"unexposed","tadpole","",NA,"","FALSE",NA
"86c52a99-2185-4ffb-aa93-f23faea7c0bb","9d4618e0-58c5-4202-90ed-9e048f34ac8f","900043000200709","f",NA,NA,"unexposed","tadpole","",NA,"","FALSE",NA
"d47f9236-03df-4747-a3db-76426e6ea905","9d4618e0-58c5-4202-90ed-9e048f34ac8f","900043000200905","m",NA,NA,"unexposed","tadpole","",NA,"","FALSE",NA
"7f3c86cd-bcf8-463b-ba13-e27aac755740","9d4618e0-58c5-4202-90ed-9e048f34ac8f","900043000200932","f",NA,NA,"unexposed","tadpole","",NA,"","FALSE",NA
"fc56021d-6646-4236-b5cf-1de92cfeaf68","9d4618e0-58c5-4202-90ed-9e048f34ac8f","900043000200801","m",NA,NA,"unexposed","tadpole","",NA,"","FALSE",NA
"ec1a8b6d-5c13-4e02-862a-86e5f51b5d18","9d4618e0-58c5-4202-90ed-9e048f34ac8f","900043000200718","m",NA,NA,"unexposed","tadpole","",NA,"","FALSE",NA
"79ee453a-f6c3-4dcb-9910-7319144440c3","9d4618e0-58c5-4202-90ed-9e048f34ac8f","900043000200624","f",NA,NA,"unexposed","tadpole","",NA,"","FALSE",NA
"9188eafc-b1c0-4cae-95cd-c750bc20cb9f","9d4618e0-58c5-4202-90ed-9e048f34ac8f","900043000200686","f",NA,NA,"unexposed","tadpole","",NA,"","FALSE",NA
"4c98de87-2daf-46ee-90ab-f6a8326b7c86","9d4618e0-58c5-4202-90ed-9e048f34ac8f","900043000200763","f",NA,NA,"unexposed","tadpole","",NA,"","FALSE",NA
"d874510f-fd1c-4ceb-ac14-0cd82f1ede05","9d4618e0-58c5-4202-90ed-9e048f34ac8f","900043000200608","m",NA,NA,"unexposed","tadpole","",NA,"","FALSE",NA
"0f19ef04-e38f-45df-a5e1-3edd2c5f7aa9","9d4618e0-58c5-4202-90ed-9e048f34ac8f","900043000200579","m",NA,NA,"unexposed","tadpole","",NA,"","FALSE",NA
"8b9000eb-59a4-4d87-ac5b-5a0dd5a59af0","9d4618e0-58c5-4202-90ed-9e048f34ac8f","900043000200929","m",NA,NA,"unexposed","tadpole","",NA,"","FALSE",NA
"97be050e-e674-4e4a-9bc8-3afe7ae36452","9d4618e0-58c5-4202-90ed-9e048f34ac8f","900043000200698","m",NA,NA,"unexposed","tadpole","",NA,"","FALSE",NA
"77c1c5ae-e330-441b-a9fc-f5ae6098a4dd","9d4618e0-58c5-4202-90ed-9e048f34ac8f","900043000200953","m",NA,NA,"unexposed","tadpole","",NA,"","FALSE",NA
"4350620e-7d96-4363-a618-0de2a1a5f156","9d4618e0-58c5-4202-90ed-9e048f34ac8f","900043000200752","m",NA,NA,"unexposed","tadpole","",NA,"","FALSE",NA
"4d8aedd8-bb83-4e6b-8286-ab73cd8159e3","9d4618e0-58c5-4202-90ed-9e048f34ac8f","982000407072543","f",NA,NA,"unexposed","tadpole","",NA,"","FALSE",NA
"351cf4e3-e137-4b19-89a4-287ebdb0e5b3","9d4618e0-58c5-4202-90ed-9e048f34ac8f","900043000200714","f",NA,NA,"unexposed","tadpole","",NA,"","FALSE",NA
"f6bf0af2-c57e-43a7-a195-cfc8f420c7de","9d4618e0-58c5-4202-90ed-9e048f34ac8f","900043000200782","m",NA,NA,"unexposed","tadpole","",NA,"","FALSE",NA
"ea698aea-c500-471f-b0ee-ba6de43c5df3","9d4618e0-58c5-4202-90ed-9e048f34ac8f","900043000200590","f",NA,NA,"unexposed","tadpole","",NA,"","FALSE",NA
"93fa8905-4daf-4442-b4a3-7ede24679f22","9d4618e0-58c5-4202-90ed-9e048f34ac8f","900043000200781","f",NA,NA,"unexposed","tadpole","",NA,"","FALSE",NA
"6b0dd396-1352-457f-97f9-777dd1d2e7e3","9d4618e0-58c5-4202-90ed-9e048f34ac8f","900043000200954","m",NA,NA,"unexposed","tadpole","",NA,"","FALSE",NA
"08949059-30e6-40aa-b123-9031538872cf","9d4618e0-58c5-4202-90ed-9e048f34ac8f","982000407072519","f",NA,NA,"unexposed","tadpole","",NA,"","FALSE",NA
"5debea08-ad76-43e9-ad76-b50b25dad7d4","9d4618e0-58c5-4202-90ed-9e048f34ac8f","900043000200859","m",NA,NA,"unexposed","tadpole","",NA,"","FALSE",NA
"785dcd7d-9287-4ee6-a547-1d68a1e4ab1d","9d4618e0-58c5-4202-90ed-9e048f34ac8f","982000407072515","m",NA,NA,"unexposed","tadpole","",NA,"","FALSE",NA
"2b5c6947-90bb-4d1f-b9a3-a096e6eb93bd","9d4618e0-58c5-4202-90ed-9e048f34ac8f","900043000200813","m",NA,NA,"unexposed","tadpole","",NA,"","FALSE",NA
"ba69b9bf-79ad-4973-ad32-65c46db221d5","9d4618e0-58c5-4202-90ed-9e048f34ac8f","900043000200852","m",NA,NA,"unexposed","tadpole","",NA,"","FALSE",NA
"7faa478d-9cc9-4eb4-91c1-7cf0d2e37ab5","9d4618e0-58c5-4202-90ed-9e048f34ac8f","900043000200695","f",NA,NA,"unexposed","tadpole","",NA,"","FALSE",NA
"8d8e9e15-0503-481f-9251-8715e487dbed","9d4618e0-58c5-4202-90ed-9e048f34ac8f","900043000200638","m",NA,NA,"unexposed","tadpole","",NA,"","FALSE",NA
"a570da7a-618a-40f0-b0b4-b0ca632e4baa","9d4618e0-58c5-4202-90ed-9e048f34ac8f","900043000200674","m",NA,NA,"unexposed","tadpole","",NA,"","FALSE",NA
"dcd0e828-2c9b-4d2a-b95c-abdadad7cba1","ffaf4305-f1ee-49f2-8155-6997a1bc07e2","900043000200858","f",NA,NA,"unexposed","tadpole","","RKS32582","","FALSE","Lindauer"
"ab820bd0-43df-4ce5-9ce5-7d04143ac11d","ffaf4305-f1ee-49f2-8155-6997a1bc07e2","900043000200949","m",NA,NA,"unexposed","tadpole","","RKS32583","","FALSE","Lindauer"
"bfba9bfc-a213-4828-8d8d-6ccd02a89588","ffaf4305-f1ee-49f2-8155-6997a1bc07e2","900043000200689","m",NA,NA,"unexposed","tadpole","","RKS32584","","FALSE","Lindauer"
"05ac0779-631f-4e2d-85f7-ea2ce1d382f2","ffaf4305-f1ee-49f2-8155-6997a1bc07e2","900043000200512","f",NA,NA,"unexposed","tadpole","","RKS32585","","FALSE","Lindauer"
"603313ae-828d-4dcd-987f-617ddd436c70","ffaf4305-f1ee-49f2-8155-6997a1bc07e2","900043000200656","f",NA,NA,"unexposed","tadpole","","RKS32586","","FALSE","Lindauer"
"1dda40e2-1a81-413a-895b-5be9ec416a98","ffaf4305-f1ee-49f2-8155-6997a1bc07e2","900043000200952","f",NA,NA,"unexposed","tadpole","","RKS32587","","FALSE","Lindauer"
"f606b70b-efac-477a-b7fc-5c602561fdff","ffaf4305-f1ee-49f2-8155-6997a1bc07e2","900043000200746","f",NA,NA,"unexposed","tadpole","","RKS32588","","FALSE","Lindauer"
"ecb2ca49-dc63-43eb-a86c-310bc81e27ca","ffaf4305-f1ee-49f2-8155-6997a1bc07e2","900043000200661","f",NA,NA,"unexposed","tadpole","","RKS32589","","FALSE","Lindauer"
"0ae56714-2b47-40eb-8c56-067ac44771f5","ffaf4305-f1ee-49f2-8155-6997a1bc07e2","900043000200676","f",NA,NA,"unexposed","tadpole","","RKS32590","","FALSE","Lindauer"
"f3ac0007-3c98-486f-aba9-8ec56a7fb3a9","ffaf4305-f1ee-49f2-8155-6997a1bc07e2","900043000200554","f",NA,NA,"unexposed","tadpole","","RKS32591","","FALSE","Lindauer"
"83bbf964-98e5-4b69-b2a5-9264ceaf9a39","ffaf4305-f1ee-49f2-8155-6997a1bc07e2","900043000201150","f",NA,NA,"unexposed","tadpole","",NA,"","FALSE",NA
"f04ab4b8-f07c-47d1-b4a6-3f1e07612aa3","ffaf4305-f1ee-49f2-8155-6997a1bc07e2","982000407072530","f",NA,NA,"unexposed","tadpole","",NA,"","FALSE",NA
"d0f47074-5e1c-48fd-87b2-60adf537ff0a","ffaf4305-f1ee-49f2-8155-6997a1bc07e2","900043000200815","f",NA,NA,"unexposed","tadpole","",NA,"","FALSE",NA
"e6be3726-c74f-48ec-b2df-0564477fcb43","ffaf4305-f1ee-49f2-8155-6997a1bc07e2","900043000200935","m",NA,NA,"unexposed","tadpole","",NA,"","FALSE",NA
"4c12146c-e776-47c2-846d-5346e40ffb4f","ffaf4305-f1ee-49f2-8155-6997a1bc07e2","900043000201236","f",NA,NA,"unexposed","tadpole","",NA,"","FALSE",NA
"7f792a5e-a30d-4f28-b395-2f5e76d22ea9","ffaf4305-f1ee-49f2-8155-6997a1bc07e2","900043000201231","m",NA,NA,"unexposed","tadpole","",NA,"","FALSE",NA
"7f1c8407-2579-4e65-91ab-ab38b303fe0f","ffaf4305-f1ee-49f2-8155-6997a1bc07e2","900043000200817","f",NA,NA,"unexposed","tadpole","",NA,"","FALSE",NA
"57a40d11-6967-4d1b-9c98-094d973fb08e","ffaf4305-f1ee-49f2-8155-6997a1bc07e2","900043000201207","m",NA,NA,"unexposed","tadpole","",NA,"","FALSE",NA
"cc5b2543-2004-4877-9b61-14b875bac128","ffaf4305-f1ee-49f2-8155-6997a1bc07e2","900043000200567","f",NA,NA,"unexposed","tadpole","",NA,"","FALSE",NA
"272ddcba-0a0f-44a7-8801-608889b3096d","ffaf4305-f1ee-49f2-8155-6997a1bc07e2","900043000200871","f",NA,NA,"unexposed","tadpole","",NA,"","FALSE",NA
"4af906e7-fcee-4b4e-be7c-1b8bc370965e","ffaf4305-f1ee-49f2-8155-6997a1bc07e2","900043000200940","m",NA,NA,"unexposed","tadpole","",NA,"","FALSE",NA
"490867c5-4169-4e0c-a792-77106cc5667f","ffaf4305-f1ee-49f2-8155-6997a1bc07e2","900043000201357","f",NA,NA,"unexposed","tadpole","",NA,"","FALSE",NA
"b82c2646-366b-4a4b-b868-b05d831d8c27","ffaf4305-f1ee-49f2-8155-6997a1bc07e2","900043000200520","f",NA,NA,"unexposed","tadpole","",NA,"","FALSE",NA
"a91b404b-de7c-430a-9ed1-ae426c9e6e00","ffaf4305-f1ee-49f2-8155-6997a1bc07e2","900043000200889","f",NA,NA,"unexposed","tadpole","",NA,"","FALSE",NA
"90985916-fc56-4ce8-b60a-bc6795478fcb","ffaf4305-f1ee-49f2-8155-6997a1bc07e2","900043000200901","f",NA,NA,"unexposed","tadpole","",NA,"","FALSE",NA
"488a4aa1-9164-4a85-8faa-5beb1e569301","ffaf4305-f1ee-49f2-8155-6997a1bc07e2","900043000200789","m",NA,NA,"unexposed","tadpole","",NA,"","FALSE",NA
"2d500b37-4f0d-4ba6-9428-06fb8916af08","ffaf4305-f1ee-49f2-8155-6997a1bc07e2","900043000200700","m",NA,NA,"unexposed","tadpole","",NA,"","FALSE",NA
"5e500612-5568-4b3d-af2c-41ee6d75a5d4","ffaf4305-f1ee-49f2-8155-6997a1bc07e2","900043000200633","m",NA,NA,"unexposed","tadpole","",NA,"","FALSE",NA
"371eb8ed-ed2b-45f9-a580-7e15f152a447","ffaf4305-f1ee-49f2-8155-6997a1bc07e2","900043000200895","f",NA,NA,"unexposed","tadpole","",NA,"","FALSE",NA
"98658b2b-fe27-40bc-a72e-d6b32d45188f","ffaf4305-f1ee-49f2-8155-6997a1bc07e2","982000407072600","f",NA,NA,"unexposed","tadpole","",NA,"","FALSE",NA
"0e212b27-bc55-439e-a5aa-6718bcd3f6b5","ffaf4305-f1ee-49f2-8155-6997a1bc07e2","900043000200770","m",NA,NA,"unexposed","tadpole","",NA,"","FALSE",NA
"53730588-498e-453a-8409-4c13b4ef9835","ffaf4305-f1ee-49f2-8155-6997a1bc07e2","900043000200713","f",NA,NA,"unexposed","tadpole","",NA,"","FALSE",NA
"43b6a2a9-9d8b-42c8-a61b-961af38d0398","ffaf4305-f1ee-49f2-8155-6997a1bc07e2","982000407072548","f",NA,NA,"unexposed","tadpole","",NA,"distended stomach","FALSE",NA
"3b998133-b26a-4521-b637-314589ba4bb0","ffaf4305-f1ee-49f2-8155-6997a1bc07e2","900043000200875","f",NA,NA,"unexposed","tadpole","",NA,"","FALSE",NA
"78ddf131-ff80-4aeb-ad21-e1f0ed8ae957","ffaf4305-f1ee-49f2-8155-6997a1bc07e2","900043000200962","m",NA,NA,"unexposed","tadpole","",NA,"","FALSE",NA
"4d4c909f-cea7-4d56-b3bb-dc619f564290","ffaf4305-f1ee-49f2-8155-6997a1bc07e2","900043000201014","m",NA,NA,"unexposed","tadpole","",NA,"","FALSE",NA
"fcfd32d6-6c68-4abb-acf8-b455d8763b08","ffaf4305-f1ee-49f2-8155-6997a1bc07e2","900043000200987","f",NA,NA,"unexposed","tadpole","",NA,"","FALSE",NA
"6d609d50-f4b0-454b-8e34-675315004a28","ffaf4305-f1ee-49f2-8155-6997a1bc07e2","900043000200754","m",NA,NA,"unexposed","tadpole","",NA,"","FALSE",NA
"c0d6b189-62dd-4104-aa21-315405e3cb65","ffaf4305-f1ee-49f2-8155-6997a1bc07e2","900043000201173","m",NA,NA,"unexposed","tadpole","",NA,"","FALSE",NA
"b2952347-b264-40d2-984c-561b277ff302","ffaf4305-f1ee-49f2-8155-6997a1bc07e2","900043000200788","m",NA,NA,"unexposed","tadpole","",NA,"","FALSE",NA
"27108ba4-c478-4af0-be7e-cf6de2d4b934","ffaf4305-f1ee-49f2-8155-6997a1bc07e2","900043000200672","m",NA,NA,"unexposed","tadpole","",NA,"","FALSE",NA
"2ddbd4d8-4968-4358-81a8-003220de1d5a","ffaf4305-f1ee-49f2-8155-6997a1bc07e2","900043000200733","m",NA,NA,"unexposed","tadpole","",NA,"","FALSE",NA
"66cfa73e-a211-4ef5-8086-3d2d9fb1d122","ffaf4305-f1ee-49f2-8155-6997a1bc07e2","900043000201345","m",NA,NA,"unexposed","tadpole","",NA,"","FALSE",NA
"48a0da83-035f-4d6f-a55c-4fea2c2d8ead","ffaf4305-f1ee-49f2-8155-6997a1bc07e2","900043000201122","m",NA,NA,"unexposed","tadpole","",NA,"","FALSE",NA
"dae804d2-b12c-4830-a539-f6f87692f722","ffaf4305-f1ee-49f2-8155-6997a1bc07e2","900043000200822","f",NA,NA,"unexposed","tadpole","",NA,"","FALSE",NA
"93f72dd3-27e6-4e1c-9662-58a05d375c63","ffaf4305-f1ee-49f2-8155-6997a1bc07e2","900043000200553","m",NA,NA,"unexposed","tadpole","",NA,"","FALSE",NA
"b6c13a50-f37a-4df6-bd12-452bd7a7943e","f0fd0970-c368-4653-bfb2-580ac6fbd331","982000407072514","m",NA,NA,"unexposed","tadpole","","RKS32592","","FALSE","Lindauer"
"fdd228b9-3c11-4b7b-b185-fc80f4748822","f0fd0970-c368-4653-bfb2-580ac6fbd331","900043000200961","f",NA,NA,"unexposed","tadpole","","RKS32593","","FALSE","Lindauer"
"229e4e43-1a6d-4816-ba80-eb03f875d6fe","f0fd0970-c368-4653-bfb2-580ac6fbd331","900043000200502","f",NA,NA,"unexposed","tadpole","","RKS32594","","FALSE","Lindauer"
"1051530a-b792-413a-8648-1be1b7360d59","f0fd0970-c368-4653-bfb2-580ac6fbd331","900043000200623","m",NA,NA,"unexposed","tadpole","","RKS32595","","FALSE","Lindauer"
"a505fe37-942c-4001-8aff-2db21b5f294b","f0fd0970-c368-4653-bfb2-580ac6fbd331","900043000200830","f",NA,NA,"unexposed","tadpole","","RKS32596","","FALSE","Lindauer"
"627228a0-4a9f-4452-8328-2d1a492a1e5e","f0fd0970-c368-4653-bfb2-580ac6fbd331","900043000200522","f",NA,NA,"unexposed","tadpole","","RKS32597","","FALSE","Lindauer"
"9d31fa5b-c938-4b45-9c91-7c7689ede0c0","f0fd0970-c368-4653-bfb2-580ac6fbd331","900043000201222","f",NA,NA,"unexposed","tadpole","","RKS32598","","FALSE","Lindauer"
"a67dcdd9-ee77-4fef-82f4-688cc311b61d","f0fd0970-c368-4653-bfb2-580ac6fbd331","900043000200531","m",NA,NA,"unexposed","tadpole","","RKS32599","","FALSE","Lindauer"
"5379592d-0ff8-4f94-adca-f8909cda8fc6","f0fd0970-c368-4653-bfb2-580ac6fbd331","900043000200956","f",NA,NA,"unexposed","tadpole","","RKS32600","","FALSE","Lindauer"
"c906ec9b-4a44-42f0-a1fd-076228bfb585","f0fd0970-c368-4653-bfb2-580ac6fbd331","900043000200785","m",NA,NA,"unexposed","tadpole","","RKS32601","","FALSE","Lindauer"
"0f385138-22e1-45f7-ac3f-d58830083dac","f0fd0970-c368-4653-bfb2-580ac6fbd331","900043000201312","f",NA,NA,"unexposed","tadpole","",NA,"","FALSE",NA
"597e1339-598a-4971-803a-00eb8734f81a","f0fd0970-c368-4653-bfb2-580ac6fbd331","900043000200824","m",NA,NA,"unexposed","tadpole","",NA,"","FALSE",NA
"ffad5445-68c7-497a-9bf0-616eaca69a7d","f0fd0970-c368-4653-bfb2-580ac6fbd331","900043000201120","m",NA,NA,"unexposed","tadpole","",NA,"","FALSE",NA
"7bacadbd-69d1-49a0-8597-e0ce61f74827","f0fd0970-c368-4653-bfb2-580ac6fbd331","900043000200943","f",NA,NA,"unexposed","tadpole","",NA,"","FALSE",NA
"903081c5-82eb-4bff-8bb1-58bc3e3650b3","f0fd0970-c368-4653-bfb2-580ac6fbd331","900043000200855","m",NA,NA,"unexposed","tadpole","",NA,"","FALSE",NA
"10be0dee-440b-4de6-b0f5-07466eadc6db","f0fd0970-c368-4653-bfb2-580ac6fbd331","900043000200915","f",NA,NA,"unexposed","tadpole","",NA,"","FALSE",NA
"da57f1e8-e58b-478f-8446-e65cc1f848ad","f0fd0970-c368-4653-bfb2-580ac6fbd331","900043000200846","m",NA,NA,"unexposed","tadpole","",NA,"","FALSE",NA
"45a37112-908c-4f4c-a022-36abf3f0ed6a","f0fd0970-c368-4653-bfb2-580ac6fbd331","900043000200826","f",NA,NA,"unexposed","tadpole","",NA,"","FALSE",NA
"5bb2cd49-e1fb-483f-ba63-5a7cc322af52","f0fd0970-c368-4653-bfb2-580ac6fbd331","900043000200955","m",NA,NA,"unexposed","tadpole","",NA,"","FALSE",NA
"0c7e40eb-84b5-4cd4-abd7-d8b315c11ed5","f0fd0970-c368-4653-bfb2-580ac6fbd331","900043000200687","f",NA,NA,"unexposed","tadpole","",NA,"","FALSE",NA
"f999b774-54f5-4083-8023-fd267e7036dc","f0fd0970-c368-4653-bfb2-580ac6fbd331","900043000201349","f",NA,NA,"unexposed","tadpole","",NA,"","FALSE",NA
"301daad6-0c32-4f95-8485-8ecfee9e4c33","f0fd0970-c368-4653-bfb2-580ac6fbd331","900043000200625","f",NA,NA,"unexposed","tadpole","",NA,"","FALSE",NA
"2ff98276-ead3-4d9a-bd76-2b1469ff53bf","f0fd0970-c368-4653-bfb2-580ac6fbd331","982000407072524","m",NA,NA,"unexposed","tadpole","",NA,"","FALSE",NA
"687a988a-8d0b-4e43-8c46-137d13d00653","f0fd0970-c368-4653-bfb2-580ac6fbd331","900043000200559","m",NA,NA,"unexposed","tadpole","",NA,"","FALSE",NA
"f4648ec0-a9f8-4b2e-a739-6634756c06cf","f0fd0970-c368-4653-bfb2-580ac6fbd331","900043000200902","m",NA,NA,"unexposed","tadpole","",NA,"","FALSE",NA
"3529388c-8bfe-41ca-83e4-7504450ecaa9","f0fd0970-c368-4653-bfb2-580ac6fbd331","900043000200893","m",NA,NA,"unexposed","tadpole","",NA,"","FALSE",NA
"25410984-cd6d-4d90-b5f5-f0df75d30dc4","f0fd0970-c368-4653-bfb2-580ac6fbd331","900043000200898","m",NA,NA,"unexposed","tadpole","",NA,"","FALSE",NA
"57d3441d-c76a-4a18-8436-c66f3ff9c30d","f0fd0970-c368-4653-bfb2-580ac6fbd331","900043000200507","f",NA,NA,"unexposed","tadpole","",NA,"","FALSE",NA
"84eca8ab-9827-4f8d-8567-84a8c536d9cb","f0fd0970-c368-4653-bfb2-580ac6fbd331","900043000200862","f",NA,NA,"unexposed","tadpole","",NA,"","FALSE",NA
"43ef18bf-7589-44ba-b38d-204f71a79dbd","f0fd0970-c368-4653-bfb2-580ac6fbd331","900043000200537","m",NA,NA,"unexposed","tadpole","",NA,"","FALSE",NA
"9cca07e1-c40d-46d1-b396-1129ec38a211","f0fd0970-c368-4653-bfb2-580ac6fbd331","900043000201071","f",NA,NA,"unexposed","tadpole","",NA,"","FALSE",NA
"c9b6bfe2-20ce-4ba7-828a-aa4abc956aad","f0fd0970-c368-4653-bfb2-580ac6fbd331","900043000200811","f",NA,NA,"unexposed","tadpole","",NA,"","FALSE",NA
"71514c1a-266d-4538-8b71-5412e7a05b9e","f0fd0970-c368-4653-bfb2-580ac6fbd331","900043000200604","m",NA,NA,"unexposed","tadpole","",NA,"","FALSE",NA
"7860c861-5668-4281-8b47-1b3641a2a247","f0fd0970-c368-4653-bfb2-580ac6fbd331","900043000200680","f",NA,NA,"unexposed","tadpole","",NA,"","FALSE",NA
"106a67cb-404b-45ec-894f-d24219e781c4","f0fd0970-c368-4653-bfb2-580ac6fbd331","982000407072556","f",NA,NA,"unexposed","tadpole","",NA,"","FALSE",NA
"abc9e15d-6e41-46ae-959d-4045a8899736","f0fd0970-c368-4653-bfb2-580ac6fbd331","982000407072529","f",NA,NA,"unexposed","tadpole","",NA,"","FALSE",NA
"ccdc79d8-8a52-4c0c-89cc-e93f653e5254","f0fd0970-c368-4653-bfb2-580ac6fbd331","900043000200678","f",NA,NA,"unexposed","tadpole","",NA,"","FALSE",NA
"f4dbb095-16bf-4ee5-90eb-a74848cbd814","f0fd0970-c368-4653-bfb2-580ac6fbd331","900043000200611","m",NA,NA,"unexposed","tadpole","",NA,"prolapsed cloaca","FALSE",NA
"f55119f3-0650-4f5d-b8da-f371865bf6d9","f0fd0970-c368-4653-bfb2-580ac6fbd331","900043000200973","f",NA,NA,"unexposed","tadpole","",NA,"","FALSE",NA
"4e989e63-7720-45ed-b448-b0cd4c1b59e5","f0fd0970-c368-4653-bfb2-580ac6fbd331","900043000200557","m",NA,NA,"unexposed","tadpole","",NA,"","FALSE",NA
"68042ae2-5775-4703-b626-8336b31a7b1d","f0fd0970-c368-4653-bfb2-580ac6fbd331","900043000200800","m",NA,NA,"unexposed","tadpole","",NA,"","FALSE",NA
"8cc54aa7-532a-4397-b07c-5237d1207fab","f0fd0970-c368-4653-bfb2-580ac6fbd331","982000407072542","m",NA,NA,"unexposed","tadpole","",NA,"","FALSE",NA
"43c08bdf-e010-4711-a97c-a315650b6e39","f0fd0970-c368-4653-bfb2-580ac6fbd331","900043000200982","m",NA,NA,"unexposed","tadpole","",NA,"","FALSE",NA
"98875d51-8b91-4af7-98a6-cf4f1261b99b","f0fd0970-c368-4653-bfb2-580ac6fbd331","900043000200843","f",NA,NA,"unexposed","tadpole","",NA,"","FALSE",NA
"ffa2abe0-eb74-4388-873a-de1140033024","f0fd0970-c368-4653-bfb2-580ac6fbd331","900043000201104","m",NA,NA,"unexposed","tadpole","",NA,"","FALSE",NA
"d99ca3cd-1b04-4182-985c-2e3128a1be62","f0fd0970-c368-4653-bfb2-580ac6fbd331","982000407072577","f",NA,NA,"unexposed","tadpole","",NA,"splayed legs, maybe broken.","FALSE",NA
"8311b8c0-489a-4266-8623-3bf83c399844","bb5ed5c8-b36f-4189-b1a5-660e82ff5ec8","982126058791083","f",18,56,"unexposed","adult","","RKS32754","","TRUE","Smith"
"63b3bb3c-1292-4e5c-8445-f082b8e3a323","bb5ed5c8-b36f-4189-b1a5-660e82ff5ec8","982126058791149","m",20,54,"unexposed","adult","","RKS32755","","TRUE","Smith"
"d207857e-5a73-4747-b32f-a19306202343","bb5ed5c8-b36f-4189-b1a5-660e82ff5ec8","982126058791141","m",12,48,"unexposed","adult","","RKS32756","","TRUE","Smith"
"4fc39959-80ef-46da-b774-9965b174280d","bb5ed5c8-b36f-4189-b1a5-660e82ff5ec8","982126058791280","f",10,48,"unexposed","adult","","RKS32757","","TRUE","Smith"
"ab8dd2b5-13de-4a7a-a801-14889fda0323","bb5ed5c8-b36f-4189-b1a5-660e82ff5ec8","982126058791283","f",12,46,"unexposed","adult","","RKS32758","","TRUE","Smith"
"40404053-686a-4a6e-84f2-2b942b17675a","bb5ed5c8-b36f-4189-b1a5-660e82ff5ec8","982126058791115","m",6,40,"unexposed","adult","","RKS32759","","TRUE","Smith"
"80d19cc3-c8ba-4fa7-8f07-8ff25d8bda7a","bb5ed5c8-b36f-4189-b1a5-660e82ff5ec8","982126058791134","m",14,51,"unexposed","adult","","RKS32760","","TRUE","Smith"
"fa8592b6-9eca-4fcf-b55c-e7050fc8cdd4","bb5ed5c8-b36f-4189-b1a5-660e82ff5ec8","982126058791094","f",31,66,"unexposed","adult","","RKS32761","","TRUE","Smith"
"7c53f5ad-b469-4fec-8588-c50ff62eea98","bb5ed5c8-b36f-4189-b1a5-660e82ff5ec8","982126058791270","m",16,52,"unexposed","adult","","RKS32738","","TRUE","Smith"
"89e4ac3a-04d8-4e01-883b-ce15f2949b2f","bb5ed5c8-b36f-4189-b1a5-660e82ff5ec8","982126058791086","f",25,63,"unexposed","adult","","RKS32739","","TRUE","Smith"
"1acbc233-a27c-415d-8e4c-3ceef123d4ae","bb5ed5c8-b36f-4189-b1a5-660e82ff5ec8","982126058791140","f",22,62,"unexposed","adult","","RKS32743","","TRUE","Smith"
"281f6651-75d6-4d46-8468-eb12a2772921","bb5ed5c8-b36f-4189-b1a5-660e82ff5ec8","982126058791130","f",35,66,"unexposed","adult","","RKS32744","","TRUE","Smith"
"c5bac6b7-df26-42f1-b80c-25a365567e27","bb5ed5c8-b36f-4189-b1a5-660e82ff5ec8","982126058791158","f",35,66,"unexposed","adult","","RKS32745","","TRUE","Smith"
"66089e79-0584-4c89-a560-42fa7bbcf7b9","bb5ed5c8-b36f-4189-b1a5-660e82ff5ec8","982126058790948","f",12,49,"unexposed","adult","","RKS32762","","TRUE","Imperato"
"e177a1be-a976-4e22-a913-21a95927e2ad","354f0638-04e4-4ba6-b7d1-52ad37697c28","982126058791087","f",18,55,"unexposed","adult","","RKS32741","","TRUE","Smith"
"8b51316b-972f-42a5-b8bf-cacc0b454980","354f0638-04e4-4ba6-b7d1-52ad37697c28","982126058791104","m",19,54,"unexposed","adult","","RKS32748","","TRUE","Smith"
"2dd19033-b633-4b45-be05-c23c0094d202","354f0638-04e4-4ba6-b7d1-52ad37697c28","982126058791108","f",23,59,"unexposed","adult","","RKS32749","","TRUE","Smith"
"dbb5d38c-a07d-447d-928d-57390b61a002","354f0638-04e4-4ba6-b7d1-52ad37697c28","982126058790978","m",18,54,"unexposed","adult","","RKS32763","","TRUE","Imperato"
"4ba1ffc5-66af-4d1b-b4ee-0de04987d55b","354f0638-04e4-4ba6-b7d1-52ad37697c28","982126058790982","f",14,49,"unexposed","adult","","RKS32764","","TRUE","Smith"
"fe11eb16-a448-43bf-8175-508c2700c319","354f0638-04e4-4ba6-b7d1-52ad37697c28","982126058791000","f",13,47,"unexposed","adult","","RKS32765","","TRUE","Imperato"
"9f04c8e3-fb92-4774-9320-ee5dfd1871d2","354f0638-04e4-4ba6-b7d1-52ad37697c28","982126058790962","m",22,52,"unexposed","adult","","RKS32766","","TRUE","Imperato"
"8c4167d6-4e79-461e-97d1-037cb6c03a62","672878de-5f8c-4c5b-9718-53a4f1b6d066","982126058791113","f",15,51,"unexposed","adult","","RKS32740","","TRUE","Smith"
"d40b2faf-4dbf-419a-a84c-af5f529e441b","672878de-5f8c-4c5b-9718-53a4f1b6d066","982126058791112","m",14,49,"unexposed","adult","","RKS32742","","TRUE","Smith"
"e9609393-8e26-4d20-8fdf-c1984451c05c","672878de-5f8c-4c5b-9718-53a4f1b6d066","982126058791133","m",16,52,"unexposed","adult","","RKS32746","","TRUE","Smith"
"e704b232-afd6-4147-a527-16c0b2925e34","672878de-5f8c-4c5b-9718-53a4f1b6d066","982126058791059","m",11,47,"unexposed","adult","","RKS32747","","TRUE","Smith"
"b7d33863-ae13-4e84-b98b-b1506c613240","d547b59a-5242-4ec6-9a37-077c4d6934d7","900043000200950","f",NA,NA,"unexposed","tadpole","",NA,"","FALSE",NA
"b5badc2d-0885-41d1-9104-d58f560d38a1","d547b59a-5242-4ec6-9a37-077c4d6934d7","900043000200860","f",NA,NA,"unexposed","tadpole","",NA,"","FALSE",NA
"c1d26ffc-02b6-4318-b689-c0b7cd7bed65","d547b59a-5242-4ec6-9a37-077c4d6934d7","900043000200575","m",NA,NA,"unexposed","tadpole","",NA,"","FALSE",NA
"dc7cd427-2ac9-4be3-8ccd-98855d72c5e1","d547b59a-5242-4ec6-9a37-077c4d6934d7","900043000200995","m",NA,NA,"unexposed","tadpole","",NA,"","FALSE",NA
"50186412-8d15-4cd7-96f8-cadc8afebd52","d547b59a-5242-4ec6-9a37-077c4d6934d7","900043000200769","f",NA,NA,"unexposed","tadpole","",NA,"","FALSE",NA
"4dff3433-207d-4d4e-8eea-9bfdc07ffcb4","d547b59a-5242-4ec6-9a37-077c4d6934d7","900043000201094","m",NA,NA,"unexposed","tadpole","",NA,"","FALSE",NA
"802b1527-489a-40b0-ac67-e4f648e7b11c","d547b59a-5242-4ec6-9a37-077c4d6934d7","900043000200844","m",NA,NA,"unexposed","tadpole","",NA,"","FALSE",NA
"5841abe3-9f32-4b3d-bc64-19274b9a241c","d547b59a-5242-4ec6-9a37-077c4d6934d7","900043000200547","f",NA,NA,"unexposed","tadpole","",NA,"","FALSE",NA
"9d9ed57a-10dd-4087-8a10-e9c18801f77b","d547b59a-5242-4ec6-9a37-077c4d6934d7","900043000200715","f",NA,NA,"unexposed","tadpole","",NA,"","FALSE",NA
"4f60c642-34e7-463a-af76-f299936cced6","d547b59a-5242-4ec6-9a37-077c4d6934d7","900043000200658","m",NA,NA,"unexposed","tadpole","",NA,"","FALSE",NA
"b4165903-f40b-4512-a145-2c28f0149123","d547b59a-5242-4ec6-9a37-077c4d6934d7","900043000200573","m",NA,NA,"unexposed","tadpole","",NA,"","FALSE",NA
"09ce46a4-aaab-428a-a233-eb2fa41d6245","d547b59a-5242-4ec6-9a37-077c4d6934d7","900043000200778","m",NA,NA,"unexposed","tadpole","",NA,"","FALSE",NA
"7bee9dc2-191a-40c3-811d-57c029a359ab","d547b59a-5242-4ec6-9a37-077c4d6934d7","900043000200990","f",NA,NA,"unexposed","tadpole","",NA,"","FALSE",NA
"dc87bff9-2bc0-4e5b-a63c-37465fe8825b","d547b59a-5242-4ec6-9a37-077c4d6934d7","900043000200550","f",NA,NA,"unexposed","tadpole","",NA,"","FALSE",NA
"f73ee663-0133-4a45-a9ff-4f5f2f0a7528","d547b59a-5242-4ec6-9a37-077c4d6934d7","900043000200786","m",NA,NA,"unexposed","tadpole","",NA,"","FALSE",NA
"11a1b28a-0aa6-4d7f-90d1-4072a976b2f8","d547b59a-5242-4ec6-9a37-077c4d6934d7","900043000200847","f",NA,NA,"unexposed","tadpole","",NA,"","FALSE",NA
"3677e795-14ce-45e6-895f-335ad98c5d24","d547b59a-5242-4ec6-9a37-077c4d6934d7","900043000200946","m",NA,NA,"unexposed","tadpole","",NA,"","FALSE",NA
"305950e2-d431-4593-a580-1290ba3b047e","d547b59a-5242-4ec6-9a37-077c4d6934d7","900043000200662","m",NA,NA,"unexposed","tadpole","",NA,"","FALSE",NA
"fd32127e-3b09-4213-b286-334a7736dce5","d547b59a-5242-4ec6-9a37-077c4d6934d7","900043000200628","m",NA,NA,"unexposed","tadpole","",NA,"","FALSE",NA
"88f31e8b-162e-4d54-9bb1-3420c063de8c","d547b59a-5242-4ec6-9a37-077c4d6934d7","900043000200790","f",NA,NA,"unexposed","tadpole","",NA,"","FALSE",NA
"8d8a2935-91d3-4a9e-b6ba-6854271d9961","d547b59a-5242-4ec6-9a37-077c4d6934d7","900043000200988","f",NA,NA,"unexposed","tadpole","",NA,"","FALSE",NA
"9f2cd2e0-e952-4560-a82b-206aa06acf34","d547b59a-5242-4ec6-9a37-077c4d6934d7","900043000200942","f",NA,NA,"unexposed","tadpole","",NA,"","FALSE",NA
"4b35054d-f647-42c5-a157-5f0aa4b97b32","d547b59a-5242-4ec6-9a37-077c4d6934d7","900043000200525","m",NA,NA,"unexposed","tadpole","",NA,"","FALSE",NA
"4ab8ee3d-7cc0-4478-9046-7626d288fb47","d547b59a-5242-4ec6-9a37-077c4d6934d7","900043000200581","m",NA,NA,"unexposed","tadpole","",NA,"","FALSE",NA
"29b16484-3566-4df9-8667-54dbc8266d85","d547b59a-5242-4ec6-9a37-077c4d6934d7","900043000200742","m",NA,NA,"unexposed","tadpole","",NA,"","FALSE",NA
"96060192-e982-4d02-a155-4f7b6074112e","d547b59a-5242-4ec6-9a37-077c4d6934d7","900043000200878","m",NA,NA,"unexposed","tadpole","",NA,"","FALSE",NA
"df1ae033-d86b-4fce-ba2d-af77de15729e","d547b59a-5242-4ec6-9a37-077c4d6934d7","900043000200853","f",NA,NA,"unexposed","tadpole","",NA,"","FALSE",NA
"c88b603e-cec8-427b-8eae-e8553195ce72","d547b59a-5242-4ec6-9a37-077c4d6934d7","900043000200618","f",NA,NA,"unexposed","tadpole","",NA,"","FALSE",NA
"e464384f-beaf-485e-b73f-f0023da903ef","d547b59a-5242-4ec6-9a37-077c4d6934d7","900043000200879","f",NA,NA,"unexposed","tadpole","",NA,"","FALSE",NA
"f73b4bbc-b0eb-4fe4-bd1d-8c1af8c92913","d547b59a-5242-4ec6-9a37-077c4d6934d7","900043000200802","f",NA,NA,"unexposed","tadpole","",NA,"","FALSE",NA
"51b02460-264e-4a94-a90d-7b8bb1edacfe","d547b59a-5242-4ec6-9a37-077c4d6934d7","900043000200586","m",NA,NA,"unexposed","tadpole","",NA,"","FALSE",NA
"fe2595fc-fef9-457d-b401-f1d89b0a8b62","d547b59a-5242-4ec6-9a37-077c4d6934d7","900043000200883","f",NA,NA,"unexposed","tadpole","",NA,"","FALSE",NA
"af6e9a5b-d081-4e21-be01-264ce1b7114d","d547b59a-5242-4ec6-9a37-077c4d6934d7","900043000200894","f",NA,NA,"unexposed","tadpole","",NA,"","FALSE",NA
"0630cb57-946d-45f9-888a-4eeab3da7dc6","d547b59a-5242-4ec6-9a37-077c4d6934d7","900043000200890","m",NA,NA,"unexposed","tadpole","",NA,"","FALSE",NA
"23cc537a-bb3b-4eac-afd5-824dad5b2316","d547b59a-5242-4ec6-9a37-077c4d6934d7","900043000200991","f",NA,NA,"unexposed","tadpole","",NA,"","FALSE",NA
"fd397ecc-0ac5-4d4a-bab4-b6b5675c08ef","d547b59a-5242-4ec6-9a37-077c4d6934d7","900043000200501","m",NA,NA,"unexposed","tadpole","",NA,"","FALSE",NA
"373bb807-55ad-44d4-afee-45cca7f3f2e7","d547b59a-5242-4ec6-9a37-077c4d6934d7","900043000200600","f",NA,NA,"unexposed","tadpole","",NA,"","FALSE",NA
"ecff7a29-4ab7-4e60-83cc-5d958236ae73","d547b59a-5242-4ec6-9a37-077c4d6934d7","900043000200511","m",NA,NA,"unexposed","tadpole","",NA,"","FALSE",NA
"61753a3c-396e-4892-a32c-dbba5d3725e9","d547b59a-5242-4ec6-9a37-077c4d6934d7","900043000200641","f",NA,NA,"unexposed","tadpole","",NA,"","FALSE",NA
"7d54ad5a-097f-47ea-9672-240465956782","d547b59a-5242-4ec6-9a37-077c4d6934d7","900043000200775","m",NA,NA,"unexposed","tadpole","",NA,"","FALSE",NA
"22fd9cd7-7f85-43ad-9426-a3b2aa03420b","d547b59a-5242-4ec6-9a37-077c4d6934d7","900043000200928","m",NA,NA,"unexposed","tadpole","",NA,"","FALSE",NA
"2f9e4d3d-1c67-408e-8659-16eb015102f3","d547b59a-5242-4ec6-9a37-077c4d6934d7","900043000200930","f",NA,NA,"unexposed","tadpole","",NA,"","FALSE",NA
"d82888f6-55e9-4f35-9f18-836cbd2ddf5b","d547b59a-5242-4ec6-9a37-077c4d6934d7","900043000200870","f",NA,NA,"unexposed","tadpole","",NA,"","FALSE",NA
"12985d9e-ac18-41a4-8d92-4a159a70ad64","d547b59a-5242-4ec6-9a37-077c4d6934d7","900043000200632","m",NA,NA,"unexposed","tadpole","",NA,"","FALSE",NA
"a7eac267-1691-4a37-a876-d5176086241b","d547b59a-5242-4ec6-9a37-077c4d6934d7","900043000200617","m",NA,NA,"unexposed","tadpole","",NA,"","FALSE",NA
"e259897c-d413-4bd2-abf1-d7dcdd08c27a","d547b59a-5242-4ec6-9a37-077c4d6934d7","900043000200912","m",NA,NA,"unexposed","tadpole","",NA,"","FALSE",NA
"be554a6c-d2f5-4d2b-9d78-df62a56e1df3","d547b59a-5242-4ec6-9a37-077c4d6934d7","900043000200619","f",NA,NA,"unexposed","tadpole","",NA,"","FALSE",NA
"ab46e4d9-c6fa-4e35-85cc-35ba4932e918","d547b59a-5242-4ec6-9a37-077c4d6934d7","900043000200767","m",NA,NA,"unexposed","tadpole","",NA,"","FALSE",NA
"14678adc-93de-4b61-9d0d-f5121b736d23","d547b59a-5242-4ec6-9a37-077c4d6934d7","900043000200743","m",NA,NA,"unexposed","tadpole","",NA,"","FALSE",NA
"702d4c8f-c3a8-4b94-8e66-4b8c9abd64eb","d547b59a-5242-4ec6-9a37-077c4d6934d7","900043000200572","m",NA,NA,"unexposed","tadpole","",NA,"","FALSE",NA
"c533578c-3040-4972-90a6-7759525cf788","d547b59a-5242-4ec6-9a37-077c4d6934d7","900043000200863","f",NA,NA,"unexposed","tadpole","",NA,"","FALSE",NA
"fa873d14-a4c2-45b9-b1c5-90f907d7af77","d547b59a-5242-4ec6-9a37-077c4d6934d7","900043000200636","f",NA,NA,"unexposed","tadpole","",NA,"","FALSE",NA
"dbd476f3-1712-4400-a836-a0a9020d393c","d547b59a-5242-4ec6-9a37-077c4d6934d7","900043000200864","f",NA,NA,"unexposed","tadpole","",NA,"","FALSE",NA
"507e8737-2b70-4d3a-8fbc-5031782690cd","d547b59a-5242-4ec6-9a37-077c4d6934d7","601900043000200","f",NA,NA,"unexposed","tadpole","",NA,"","FALSE",NA
"86fae651-dc9c-4810-b11e-656b8a6ce54b","d547b59a-5242-4ec6-9a37-077c4d6934d7","900043000200783","f",NA,NA,"unexposed","tadpole","",NA,"","FALSE",NA
"4e21a261-61f9-4f3c-9a5f-9f87a025f6d8","d547b59a-5242-4ec6-9a37-077c4d6934d7","900043000200651","m",NA,NA,"unexposed","tadpole","",NA,"","FALSE",NA
"2668fdff-a23c-4a62-bac5-84f896cda535","d547b59a-5242-4ec6-9a37-077c4d6934d7","900043000200560","f",NA,NA,"unexposed","tadpole","",NA,"","FALSE",NA
"05291ae4-0ace-43dc-81f6-026e6ddabde9","d547b59a-5242-4ec6-9a37-077c4d6934d7","900043000200931","m",NA,NA,"unexposed","tadpole","",NA,"","FALSE",NA
"219d1944-8aa9-4b5d-ab56-1cab39069eca","d547b59a-5242-4ec6-9a37-077c4d6934d7","900043000200583","m",NA,NA,"unexposed","tadpole","",NA,"","FALSE",NA
"28e9c4f7-0cad-4ed2-a41a-f193ebf9a7e8","d547b59a-5242-4ec6-9a37-077c4d6934d7","900043000200985","m",NA,NA,"unexposed","tadpole","",NA,"","FALSE",NA
"064101a7-6103-4ba9-8dfa-b07819628ff6","d547b59a-5242-4ec6-9a37-077c4d6934d7","900043000200947","m",NA,NA,"unexposed","tadpole","",NA,"","FALSE",NA
"fe4ada3b-4d4b-4211-81b8-3f318e53f13d","d547b59a-5242-4ec6-9a37-077c4d6934d7","900043000200580","m",NA,NA,"unexposed","tadpole","",NA,"","FALSE",NA
"8e970b59-b7f7-4243-8b0b-653c567e3e64","d547b59a-5242-4ec6-9a37-077c4d6934d7","900043000200540","f",NA,NA,"unexposed","tadpole","",NA,"","FALSE",NA
"0e8f1d22-ed6f-4968-b0d5-49b850b3cec3","d547b59a-5242-4ec6-9a37-077c4d6934d7","900043000200747","f",NA,NA,"unexposed","tadpole","",NA,"","FALSE",NA
"a8b507ca-8041-40db-91fa-461c5219638f","d547b59a-5242-4ec6-9a37-077c4d6934d7","900043000200697","m",NA,NA,"unexposed","tadpole","",NA,"","FALSE",NA
"f37807d5-c094-4dfc-aca2-db9202379153","d547b59a-5242-4ec6-9a37-077c4d6934d7","900043000200741","m",NA,NA,"unexposed","tadpole","",NA,"","FALSE",NA
"7c1b8f0d-7bcb-445d-acf3-1f5941d49f34","d547b59a-5242-4ec6-9a37-077c4d6934d7","900043000200504","m",NA,NA,"unexposed","tadpole","",NA,"","FALSE",NA
"1bfa63cf-81be-42a1-bf65-358dacc4e79c","d547b59a-5242-4ec6-9a37-077c4d6934d7","900043000200776","f",NA,NA,"unexposed","tadpole","",NA,"","FALSE",NA
"274216cb-0cb4-4724-8ad9-b051a8e6e61d","d547b59a-5242-4ec6-9a37-077c4d6934d7","900043000200777","f",NA,NA,"unexposed","tadpole","",NA,"","FALSE",NA
"2456ddae-ac7c-4192-b9d0-0c3beec37aec","d547b59a-5242-4ec6-9a37-077c4d6934d7","900043000200732","f",NA,NA,"unexposed","tadpole","",NA,"","FALSE",NA
"8b31af8e-226f-4cc5-b89d-5ff4620ba66c","d547b59a-5242-4ec6-9a37-077c4d6934d7","900043000200603","f",NA,NA,"unexposed","tadpole","",NA,"","FALSE",NA
"1bc0df28-9a17-4a96-b496-9f69ac746234","d547b59a-5242-4ec6-9a37-077c4d6934d7","900043000200612","f",NA,NA,"unexposed","tadpole","",NA,"","FALSE",NA
"3752d4b4-7c86-464a-8a9b-bbb29d3ea0b5","d547b59a-5242-4ec6-9a37-077c4d6934d7","900043000200920","m",NA,NA,"unexposed","tadpole","",NA,"","FALSE",NA
"fe94654f-c085-4099-b86f-fe8c82f01f03","d547b59a-5242-4ec6-9a37-077c4d6934d7","900043000200699","f",NA,NA,"unexposed","tadpole","",NA,"","FALSE",NA
"dfa30e93-19b3-4fa6-b931-bb9f6e64d488","d547b59a-5242-4ec6-9a37-077c4d6934d7","900043000200526","m",NA,NA,"unexposed","tadpole","",NA,"","FALSE",NA
"d135ca32-978f-415b-9c99-eb1d78dea8a0","d547b59a-5242-4ec6-9a37-077c4d6934d7","900043000200924","f",NA,NA,"unexposed","tadpole","",NA,"","FALSE",NA
"945a1d1f-494c-4729-9a81-5f4536351070","d547b59a-5242-4ec6-9a37-077c4d6934d7","900043000200596","f",NA,NA,"unexposed","tadpole","",NA,"","FALSE",NA
"2be30da2-c13b-4f0c-b154-06c1937f62cb","d547b59a-5242-4ec6-9a37-077c4d6934d7","900043000200832","m",NA,NA,"unexposed","tadpole","",NA,"","FALSE",NA
"15f0c504-05e6-4f78-b7e2-2ddd56ccb612","d547b59a-5242-4ec6-9a37-077c4d6934d7","900043000200981","m",NA,NA,"unexposed","tadpole","",NA,"","FALSE",NA
"53ec88d8-c6be-4ffc-852c-9a37fdeda50c","d547b59a-5242-4ec6-9a37-077c4d6934d7","900043000200635","m",NA,NA,"unexposed","tadpole","",NA,"","FALSE",NA
"aca289f6-b27c-40cd-bd6d-65ec5ada010d","d547b59a-5242-4ec6-9a37-077c4d6934d7","900043000200534","f",NA,NA,"unexposed","tadpole","",NA,"","FALSE",NA
"8f44eebf-de6d-4d8a-b1d5-dc3c0061b94d","d547b59a-5242-4ec6-9a37-077c4d6934d7","900043000200965","m",NA,NA,"unexposed","tadpole","",NA,"","FALSE",NA
"acb15d4e-9d4b-4e94-8e8e-502b5580affd","d547b59a-5242-4ec6-9a37-077c4d6934d7","900043000200969","f",NA,NA,"unexposed","tadpole","",NA,"","FALSE",NA
"27d08719-656f-450f-b36e-8b7bcd7e1f54","d547b59a-5242-4ec6-9a37-077c4d6934d7","900043000200884","m",NA,NA,"unexposed","tadpole","",NA,"","FALSE",NA
"288f788f-43b7-4f99-98d0-23421a1d6c8b","d547b59a-5242-4ec6-9a37-077c4d6934d7","900043000200957","f",NA,NA,"unexposed","tadpole","",NA,"","FALSE",NA
"29fe8d1d-ca07-4be6-8fe8-36a360a69ce8","d547b59a-5242-4ec6-9a37-077c4d6934d7","900043000200888","f",NA,NA,"unexposed","tadpole","",NA,"","FALSE",NA
"07112785-c317-469f-b5a0-ebe86388a54c","d547b59a-5242-4ec6-9a37-077c4d6934d7","900043000200683","f",NA,NA,"unexposed","tadpole","",NA,"","FALSE",NA
"40135c70-b5d7-4170-8e44-56b4dde28559","d547b59a-5242-4ec6-9a37-077c4d6934d7","900043000200570","f",NA,NA,"unexposed","tadpole","",NA,"","FALSE",NA
"e8eef68d-ee16-45c9-a3e0-8f25aa42da89","d547b59a-5242-4ec6-9a37-077c4d6934d7","900043000200556","m",NA,NA,"unexposed","tadpole","",NA,"","FALSE",NA
"c2c1a653-cfdc-461b-b44e-7e644209bd9a","d547b59a-5242-4ec6-9a37-077c4d6934d7","900043000200639","m",NA,NA,"unexposed","tadpole","",NA,"","FALSE",NA
"7cb668f6-85b8-49e7-992c-864182094767","d547b59a-5242-4ec6-9a37-077c4d6934d7","900043000200601","f",NA,NA,"unexposed","tadpole","",NA,"","FALSE",NA
"aab4c10c-6378-47c8-9b65-8deb9d90ea37","12dca2c4-bc03-4b27-8de0-345311356b69","900043000200555","f",NA,NA,"unexposed","tadpole","",NA,"","FALSE",NA
"cec8c088-cb3c-472e-ba2a-251f40a48a2e","12dca2c4-bc03-4b27-8de0-345311356b69","900043000200729","m",NA,NA,"unexposed","tadpole","",NA,"","FALSE",NA
"df369b2b-228c-4a52-b710-792db1346567","12dca2c4-bc03-4b27-8de0-345311356b69","900043000200916","m",NA,NA,"unexposed","tadpole","",NA,"","FALSE",NA
"be1f63f3-5eb1-4bb0-af1a-f264bf00342e","12dca2c4-bc03-4b27-8de0-345311356b69","900043000200587","f",NA,NA,"unexposed","tadpole","",NA,"","FALSE",NA
"4fb2cc64-4201-497e-99e9-b74bb97fde79","12dca2c4-bc03-4b27-8de0-345311356b69","900043000200759","m",NA,NA,"unexposed","tadpole","",NA,"","FALSE",NA
"bb204dc0-e3de-46e8-969d-e734b7c6d514","12dca2c4-bc03-4b27-8de0-345311356b69","900043000200605","m",NA,NA,"unexposed","tadpole","",NA,"","FALSE",NA
"ca68b895-af2b-4873-a5ac-a70a753346ec","12dca2c4-bc03-4b27-8de0-345311356b69","900043000200616","f",NA,NA,"unexposed","tadpole","",NA,"","FALSE",NA
"732b16fe-72ad-47c5-9261-1b8f5a0b2b3a","12dca2c4-bc03-4b27-8de0-345311356b69","900043000200669","f",NA,NA,"unexposed","tadpole","",NA,"","FALSE",NA
"fc03630f-7fc5-4f14-81b5-e294740ee747","12dca2c4-bc03-4b27-8de0-345311356b69","900043000200593","f",NA,NA,"unexposed","tadpole","",NA,"","FALSE",NA
"19ff2702-e0cf-4fde-a12a-b3f902ed9f0c","12dca2c4-bc03-4b27-8de0-345311356b69","900043000200848","f",NA,NA,"unexposed","tadpole","",NA,"","FALSE",NA
"0aec02ed-b378-4fe2-a9cb-5269eb06379f","12dca2c4-bc03-4b27-8de0-345311356b69","900043000200744","f",NA,NA,"unexposed","tadpole","",NA,"","FALSE",NA
"88c2654a-98d0-4a49-83ad-e6ee7d0db093","12dca2c4-bc03-4b27-8de0-345311356b69","900043000200736","f",NA,NA,"unexposed","tadpole","",NA,"","FALSE",NA
"a0a508c1-92aa-4d4a-9727-229037a8595b","12dca2c4-bc03-4b27-8de0-345311356b69","900043000200951","f",NA,NA,"unexposed","tadpole","",NA,"","FALSE",NA
"9ecb0709-af50-44ab-9cab-8dba99fd237f","12dca2c4-bc03-4b27-8de0-345311356b69","900043000200807","m",NA,NA,"unexposed","tadpole","",NA,"","FALSE",NA
"f59d364f-0ad9-41d4-8040-158f1176c7df","12dca2c4-bc03-4b27-8de0-345311356b69","900043000200614","m",NA,NA,"unexposed","tadpole","",NA,"","FALSE",NA
"e74009d3-bcf0-4aec-9570-6a0c5f630670","12dca2c4-bc03-4b27-8de0-345311356b69","900043000200812","m",NA,NA,"unexposed","tadpole","",NA,"","FALSE",NA
"518c8e43-a3ce-4ebf-9577-ad9b5fa4f0e7","12dca2c4-bc03-4b27-8de0-345311356b69","900043000200880","m",NA,NA,"unexposed","tadpole","",NA,"","FALSE",NA
"034068bc-5a99-4a91-8342-6b65787db9aa","12dca2c4-bc03-4b27-8de0-345311356b69","900043000200541","m",NA,NA,"unexposed","tadpole","",NA,"","FALSE",NA
"244aa12f-57f4-43bd-be56-a3caea79c92c","12dca2c4-bc03-4b27-8de0-345311356b69","900043000200979","f",NA,NA,"unexposed","tadpole","",NA,"","FALSE",NA
"1c7f6388-6083-4c3a-a202-d1cde15f59e9","1743b131-e6ea-4cc3-a17d-352fbffd2cc1","982091062745663","m",NA,NA,"unexposed","tadpole","",NA,"","FALSE",NA
"a80cd917-aa60-49c0-a4ed-e354b3fd868b","8a742c48-c918-4072-9312-585e50a4b817","982091062745716","f",NA,NA,"unexposed","tadpole","",NA,"","FALSE",NA
"065d2dc0-c390-4b74-9374-a0827fe118ff","8a742c48-c918-4072-9312-585e50a4b817","982091062745707","m",NA,NA,"unexposed","tadpole","",NA,"","FALSE",NA
"fc949127-9716-428d-9563-77e467503e43","8a742c48-c918-4072-9312-585e50a4b817","982091062745741","m",NA,NA,"unexposed","tadpole","",NA,"","FALSE",NA
"6cff18ee-4510-42b0-a3fa-f1557dfcfa65","8a742c48-c918-4072-9312-585e50a4b817","982091062745643","f",NA,NA,"unexposed","tadpole","",NA,"","FALSE",NA
"62336965-936f-4fd4-bfbc-82271bc9e4d2","1743b131-e6ea-4cc3-a17d-352fbffd2cc1","982091062745722","f",NA,NA,"unexposed","tadpole","",NA,"","FALSE",NA
"855942de-b719-4108-8c7c-a8dca6d0bf90","1743b131-e6ea-4cc3-a17d-352fbffd2cc1","982091062745666","m",NA,NA,"unexposed","tadpole","",NA,"","FALSE",NA
"d787ea3f-23ca-47b3-b5eb-2d07cea3135b","1743b131-e6ea-4cc3-a17d-352fbffd2cc1","982091062745655","f",NA,NA,"unexposed","tadpole","",NA,"","FALSE",NA
"253c6bac-81de-4df5-a5f1-22498b86190d","1743b131-e6ea-4cc3-a17d-352fbffd2cc1","982091062745726","m",NA,NA,"unexposed","tadpole","",NA,"","FALSE",NA
"2132894d-2917-41f7-9c77-8227bc18bb46","1743b131-e6ea-4cc3-a17d-352fbffd2cc1","982091062745721","m",NA,NA,"unexposed","tadpole","",NA,"","FALSE",NA
"b5516664-5b20-4d27-8e04-32e64c7623c1","1743b131-e6ea-4cc3-a17d-352fbffd2cc1","982091062745735","f",NA,NA,"unexposed","tadpole","",NA,"lame right hind leg does not bend and is pointing to the side.","FALSE",NA
"04188676-ddea-428b-a5e4-41e32e9751c9","1743b131-e6ea-4cc3-a17d-352fbffd2cc1","982091062745657","m",NA,NA,"unexposed","tadpole","",NA,"","FALSE",NA
"c4243e08-8c29-4773-b53c-be61de5704aa","12dca2c4-bc03-4b27-8de0-345311356b69","900043000200671","f",NA,NA,"unexposed","tadpole","",NA,"","FALSE",NA
"48e0adcc-d19a-4f08-82a1-9c22501b4a5c","a5eda4bc-744e-4066-ad2f-1b59e3081eb8","982091062745937","f",NA,NA,"unexposed","tadpole","",NA,"","FALSE",NA
"1c8cd7ff-1774-4a14-a6f4-ec65526d14ff","a5eda4bc-744e-4066-ad2f-1b59e3081eb8","982091062745746","f",NA,NA,"unexposed","tadpole","",NA,"","FALSE",NA
"311b6cc0-829a-47f3-9914-293b694d6d0a","a5eda4bc-744e-4066-ad2f-1b59e3081eb8","982091062745765","m",NA,NA,"unexposed","tadpole","",NA,"","FALSE",NA
"7923847d-b936-440a-8cc7-165ac829e599","a5eda4bc-744e-4066-ad2f-1b59e3081eb8","982091062745900","m",NA,NA,"unexposed","tadpole","",NA,"","FALSE",NA
"66159f9f-d91d-4f43-93f5-ae4e4bffb6f5","a5eda4bc-744e-4066-ad2f-1b59e3081eb8","982091062745890","f",NA,NA,"unexposed","tadpole","",NA,"","FALSE",NA
"f6dccd08-00c6-44de-97bd-5fd9f122a286","a5eda4bc-744e-4066-ad2f-1b59e3081eb8","982091062745892","m",NA,NA,"unexposed","tadpole","",NA,"","FALSE",NA
"cfbb2f4f-a3c1-47eb-8241-cc957cfd3fe0","a5eda4bc-744e-4066-ad2f-1b59e3081eb8","982091062745903","f",NA,NA,"unexposed","tadpole","",NA,"","FALSE",NA
"d6a579b3-fe48-4341-a956-a999ba3dc13a","a5eda4bc-744e-4066-ad2f-1b59e3081eb8","982091062745935","m",NA,NA,"unexposed","tadpole","",NA,"","FALSE",NA
"f41b6ba1-3452-4be0-b4cb-f488f85a8ea0","a5eda4bc-744e-4066-ad2f-1b59e3081eb8","982091062745770","m",NA,NA,"unexposed","tadpole","",NA,"","FALSE",NA
"5307438c-5e6d-4825-ac48-d7b0ed4af3ae","a5eda4bc-744e-4066-ad2f-1b59e3081eb8","982091062745929","f",NA,NA,"unexposed","tadpole","",NA,"","FALSE",NA
"45bdbcd8-96a5-460d-a4dd-adb4f9a590cc","da3e0d22-26f4-4b27-9f88-292855ac0075","900043000200595","f",NA,NA,"unexposed","tadpole","","RKS33230","","FALSE","Lindauer"
"86ab92d5-ea39-4998-93fc-509f81c69870","da3e0d22-26f4-4b27-9f88-292855ac0075","900043000200509","m",NA,NA,"unexposed","tadpole","","RKS33231","","FALSE","Lindauer"
"8630da01-33b1-4f4b-8683-02934b12898d","da3e0d22-26f4-4b27-9f88-292855ac0075","900043000200910","m",NA,NA,"unexposed","tadpole","","RKS33232","","FALSE","Lindauer"
"c43b48ae-460d-4d89-b811-b0e8180d4a5d","da3e0d22-26f4-4b27-9f88-292855ac0075","900043000200794","m",NA,NA,"unexposed","tadpole","","RKS33233","","FALSE","Lindauer"
"fccffeb5-ac3c-45b9-9e25-92d7e9838181","da3e0d22-26f4-4b27-9f88-292855ac0075","900043000200900","m",NA,NA,"unexposed","tadpole","","RKS33234","","FALSE","Lindauer"
"aff55d2f-a8e6-4558-a52f-e2c94e6601b4","da3e0d22-26f4-4b27-9f88-292855ac0075","900043000200784","f",NA,NA,"unexposed","tadpole","","RKS33235","","FALSE","Lindauer"
"8b3d741d-d258-40f2-99fa-1c4baee0ec7e","da3e0d22-26f4-4b27-9f88-292855ac0075","900043000200994","m",NA,NA,"unexposed","tadpole","","RKS33236","","FALSE","Lindauer"
"c48631d7-d471-4fbd-b52c-0196fa0f21b8","da3e0d22-26f4-4b27-9f88-292855ac0075","900043000200565","m",NA,NA,"unexposed","tadpole","","RKS33237","","FALSE","Lindauer"
"87297f02-5c3c-4a4a-a8fb-6f755cecde47","da3e0d22-26f4-4b27-9f88-292855ac0075","900043000200971","f",NA,NA,"unexposed","tadpole","","RKS33238","","FALSE","Lindauer"
"00a29d90-6bbb-449d-80ae-d86bfac6dcab","da3e0d22-26f4-4b27-9f88-292855ac0075","900043000200518","m",NA,NA,"unexposed","tadpole","","RKS33239","","FALSE","Lindauer"
"48f32ac9-fe83-437d-850e-e8845fdfb8b7","da3e0d22-26f4-4b27-9f88-292855ac0075","900043000200649","m",NA,NA,"unexposed","tadpole","",NA,"","FALSE",NA
"6ab1b385-da5c-4efe-a803-c253356fc438","da3e0d22-26f4-4b27-9f88-292855ac0075","900043000200610","f",NA,NA,"unexposed","tadpole","",NA,"","FALSE",NA
"9569fd9e-6dda-4ff5-906d-0fda19b926d5","da3e0d22-26f4-4b27-9f88-292855ac0075","900043000200645","f",NA,NA,"unexposed","tadpole","",NA,"","FALSE",NA
"842d8d11-83ab-4e40-9310-00ea831491a1","da3e0d22-26f4-4b27-9f88-292855ac0075","900043000200677","f",NA,NA,"unexposed","tadpole","",NA,"","FALSE",NA
"129a7cdc-453f-41d1-92b6-a6901d493e08","da3e0d22-26f4-4b27-9f88-292855ac0075","900043000200764","m",NA,NA,"unexposed","tadpole","",NA,"","FALSE",NA
"91145b08-9fe5-4ef9-8334-73247347b963","da3e0d22-26f4-4b27-9f88-292855ac0075","900043000200655","f",NA,NA,"unexposed","tadpole","",NA,"","FALSE",NA
"0bbaec8e-baf9-4579-aed7-ee8e942ba2d6","da3e0d22-26f4-4b27-9f88-292855ac0075","900043000200845","f",NA,NA,"unexposed","tadpole","",NA,"","FALSE",NA
"7924935d-26fb-4030-9d69-553eadeafa99","bb56e61e-5d57-49c9-9490-674a18f5e768","982091062745914",NA,NA,NA,"unexposed","tadpole","",NA,"","FALSE",NA
"6cda1852-5dad-48ae-a6a8-6028cc0bcb8c","ed5ad4ae-fee5-4289-89b3-924e606b791a","900043000200536","f",NA,NA,"unexposed","tadpole","",NA,"","FALSE",NA
"4e642a0e-ca0d-4f59-9b9f-d37b76aff2ee","bb56e61e-5d57-49c9-9490-674a18f5e768","982091062745782",NA,NA,NA,"unexposed","tadpole","",NA,"","FALSE",NA
"e6316933-6aa0-4121-8707-1e6a2bb1de78","bb56e61e-5d57-49c9-9490-674a18f5e768","982091062745868",NA,NA,NA,"unexposed","tadpole","",NA,"","FALSE",NA
"ebfb19af-efd8-4455-8631-2a7f7f14245c","bb56e61e-5d57-49c9-9490-674a18f5e768","982091062745826",NA,NA,NA,"unexposed","tadpole","",NA,"","FALSE",NA
"ca8f9a8d-ede8-4a30-a5fd-ad2bacffcd60","bb56e61e-5d57-49c9-9490-674a18f5e768","982091062745940",NA,NA,NA,"unexposed","tadpole","",NA,"","FALSE",NA
"00d8038e-6b6c-4541-af42-333153f1b96c","bb56e61e-5d57-49c9-9490-674a18f5e768","982091062745843",NA,NA,NA,"unexposed","tadpole","",NA,"","FALSE",NA
"b76e80c6-08b6-47f5-aa58-accfc9aed741","bb56e61e-5d57-49c9-9490-674a18f5e768","982091062745694",NA,NA,NA,"unexposed","tadpole","",NA,"","FALSE",NA
"b0504308-0ea5-4708-a4f1-ef3b954278da","bb56e61e-5d57-49c9-9490-674a18f5e768","982091062745810",NA,NA,NA,"unexposed","tadpole","",NA,"","FALSE",NA
"b3cb7684-76df-4b6c-9ac2-9ea46b5e7b7a","bb56e61e-5d57-49c9-9490-674a18f5e768","982091062745875",NA,NA,NA,"unexposed","tadpole","",NA,"","FALSE",NA
"7fb954f2-16a0-4bf4-a5c4-cf4dbfc6737e","bb56e61e-5d57-49c9-9490-674a18f5e768","982091062745857",NA,NA,NA,"unexposed","tadpole","",NA,"","FALSE",NA
"74eb3bf1-f69c-4a7d-a6a6-f2d7ba90dad8","bb56e61e-5d57-49c9-9490-674a18f5e768","982091062745737",NA,NA,NA,"unexposed","tadpole","",NA,"","FALSE",NA
"c7d991ba-ee9d-4ba2-abf5-84940824f60d","ed5ad4ae-fee5-4289-89b3-924e606b791a","900043000200874","f",NA,NA,"unexposed","tadpole","",NA,"","FALSE",NA
"65e2e897-7a46-4840-ba4f-ab9b1c3ad151","ed5ad4ae-fee5-4289-89b3-924e606b791a","900043000200774","f",NA,NA,"unexposed","tadpole","",NA,"","FALSE",NA
"62358131-77b2-42f1-9947-aaed7686fd5d","ed5ad4ae-fee5-4289-89b3-924e606b791a","900043000200772","f",NA,NA,"unexposed","tadpole","",NA,"","FALSE",NA
"33fac69f-5065-4e65-84aa-bf54c953634c","ed5ad4ae-fee5-4289-89b3-924e606b791a","900043000200528",NA,NA,NA,"unexposed","tadpole","",NA,"","FALSE",NA
"bad16bbf-b33a-4231-a863-06cb37b16c97","ed5ad4ae-fee5-4289-89b3-924e606b791a","900043000200538","f",NA,NA,"unexposed","tadpole","",NA,"","FALSE",NA
"02360f03-465d-42d6-98a1-153b939627a0","ed5ad4ae-fee5-4289-89b3-924e606b791a","900043000200856","m",NA,NA,"unexposed","tadpole","",NA,"","FALSE",NA
"08ce665a-597b-4bcb-9a82-bd46a33a16c2","ed5ad4ae-fee5-4289-89b3-924e606b791a","900043000200543","f",NA,NA,"unexposed","tadpole","",NA,"","FALSE",NA
"350b4ab6-5dfe-4316-a603-23ef466a8a22","ed5ad4ae-fee5-4289-89b3-924e606b791a","900043000200780","f",NA,NA,"unexposed","tadpole","",NA,"","FALSE",NA
"b21edf4b-ee1b-4b8d-92ed-cd857738d4e0","ed5ad4ae-fee5-4289-89b3-924e606b791a","900043000200591",NA,NA,NA,"unexposed","tadpole","",NA,"","FALSE",NA
"948c892f-39cc-4d18-9aad-b1f96b6858f4","ed5ad4ae-fee5-4289-89b3-924e606b791a","900043000200675",NA,NA,NA,"unexposed","tadpole","",NA,"","FALSE",NA
"0cc38891-a5a7-4db4-a32c-64d3ee998c80","ed5ad4ae-fee5-4289-89b3-924e606b791a","900043000200911","m",NA,NA,"unexposed","tadpole","",NA,"","FALSE",NA
"9d70d571-1fa4-4f90-bf26-132672e55303","ed5ad4ae-fee5-4289-89b3-924e606b791a","900043000200849","m",NA,NA,"unexposed","tadpole","",NA,"","FALSE",NA
"10d20cfa-b3e5-4ea0-89c2-1a18a0f00359","ed5ad4ae-fee5-4289-89b3-924e606b791a","900043000200599",NA,NA,NA,"unexposed","tadpole","",NA,"","FALSE",NA
"3440e4fb-d941-4d84-bc52-6f87bb8d290d","ed5ad4ae-fee5-4289-89b3-924e606b791a","900043000200505",NA,NA,NA,"unexposed","tadpole","",NA,"","FALSE",NA
"b26fa194-bc8e-4266-bb44-0fa49fa4ff02","ed5ad4ae-fee5-4289-89b3-924e606b791a","900043000200873","m",NA,NA,"unexposed","tadpole","",NA,"","FALSE",NA
